Field Name,Question,Short Label,Additional Notes
"PublicFunding_H_type","What type of public financing, if any, available to Legislative candidates:  full public financing, partial grant, matching funds, voucher, mixed or other.","Type of Public Financing - Legislative",""
"PublicFunding_G_type","What type of public financing, if any, available to Gubernatorial candidates:  full public financing, partial grant, matching funds, voucher, mixed or other.","Type of Public Financing - Governor",""
"PublicFunding_P","Does this state provide public financing for state parties?","Public Financing for State Parties?",""
"RefundOrTaxCreditOrTaxDeduction","Does the state provide a refund or tax credit or tax deduction for political contributions?","Refund or Tax Credit for Contributions?",""
