Field Name,Question,Short Label,Additional Notes
"AggCandLimit","Is there an aggregate limit on contributions from a donor to all candidates in the state in a given time period?","Aggregate Limit from Donor to all Cand.?",""
"DoingBusinessLimits","Are contribution limits lower for people or organizations doing business with the state?","Separate Contribution Limits for those doing business with State?",""
"Lobbyist_Limits","Does the law contain special contribution limits or prohibitions for lobbyists?","Special restrictions for lobbyists?",""
"ContLegisSession","Are there restrictions on accepting contributions or holding fundraising event during the legislative session?","Special restrictions during legislative session?",""
"CorpExpendProhibit","Are corporations prohibited from making political expenditures from their treasuries?","Corporate Expenditures Prohibited?",""
"LaborExpendProhib","Are labor unions prohibited from making political expenditures from their treasuries?","Labor Expenditures Prohibited?",""
"Session_Limit","Does the law prohibit or limit fundraising during the legislative session?","Restrictions During Legislative Session?",""
"ForeignNationalCont","Are contributions from foreign nationals prohibited?","Contributions Allowed from Foreign Nationals?",""
