Field Name,Question,Short Label,Additional Notes
"CandDonorExemption","What is the minimum aggregate of contributions from a particular donor that triggers mandatory disclosure of that donor's identity?","Threshold to Disclose Donor - Candidate","If the law states dislcosure is required for amounts "more than $x" it is listed as "$x+1", so "more than $100" is "$101"."
"PartyDonorExemption","What is the minimum aggregate of contributions from a particular donor that triggers mandatory disclosure of that donor's identity?","Threshold to Disclose Donor - Party","If the law states dislcosure is required for amounts "more than $x" it is listed as "$x+1", so "more than $100" is "$101"."
"PACDonorExemption","What is the minimum aggregate of contributions from a particular donor to a PAC that triggers mandatory disclosure of that donor's identity?","Threshold to Disclose Donor - PAC","If the law states dislcosure is required for amounts "more than $x" it is listed as "$x+1", so "more than $100" is "$101"."
"BallotDonorExemption","What is the minimum aggregate of contributions from a particular donor to a ballot committee that triggers mandatory disclosure of that donor's identity?","Threshold to Disclose Donor - BallotComm","If the law states dislcosure is required for amounts "more than $x" it is listed as "$x+1", so "more than $100" is "$101"."
"IE_Report_Exemption_Amount","If separate independent expenditure reports are required, what is the minumum amount of aggregated expenditures that trigger disclosure?","Ind. Exp. Threshold for Disclosure (if required)?","If the law states dislcosure is required for amounts "more than $x" it is listed as "$x+1", so "more than $100" is "$101"."
"IE_Target","Must an Independent Expenditure  report (if required) specify an IE's target (candidate or ballot proposition)?","Ind. Exp. Reports - Disclose Target?",""
"ElxnrgCategory","Are some forms of non-coordinated spending defined by a term in the law that is different from independent expenditure, such as electioneering, with different definitions and requirements?","Electioneering Defined in law?",""
"SponsorID","Must an ad's sponsors be identified within the body of any ad?","Disclosure of Ad Sponsor Required?",""
"DiscloseToShareholders","Does state law require political expenditures to be disclosed to shareholders?","Shareholder Disclosure Required?",""
"CandFile_Electronic","Are candidates required to report electronically?","E-Filing (cand) Required in Law?",""
