Identifier,State,Year,IE_Filers_Indiv,IE_Filers_Party,IE_Filers_PoliticalCommittee,IE_Filers_Corporation,IE_Filers_Labor,IE_Filers_Lobbyist,IE_Filers_Others,IE_Report_Exemption,IE_Report_Exemption_Amount,IE_Filers_Others_Info,IE_Filers_Others_Donors,IE_Target,IE_Target_SupportOppose,IE_Report_When,ElxnrgCategory,ElxnrgTerm,Elxnrg_Filers_Indiv,Elxnrg_Filers_Party,Elxnrg_Filers_PoliticalCommittee,Elxnrg_Filers_Corporate,Elxnrg_Filers_Labor,Elxnrg_Filers_Lobbyist,Elxnrg_Filers_Others,Elxnrg_Report_Exemption,Elxnrg_Report_Exemption_Amount,Elxnrg_Filers_Others_Info,Elxnrg_Filers_Others_Donors,Elxnrg_Target,Elxnrg_Target_SupportOppose,Elxnrg_Report_When
"HI2014","HI",2014,"No","No","Yes","Yes","Yes","Yes","Yes","No","0","No","No","Yes","Yes",,"Yes","Electioneering Communication","Yes","Yes","Yes","Yes","Yes","Yes","Yes","Yes","2000","Yes","Yes","Yes","No","24 hours"
"AK1998","AK",1998,"Yes","Yes","Yes","Yes","Yes","Yes","No","Yes","501","No","No","No","No","10 days; Not specified","Yes",,"Yes","Yes","Yes","Yes","Yes","Yes","Yes","No",,"No","No","No","No","10 days; Not specified"
"AK2000","AK",2000,"Yes","Yes","Yes","Yes","Yes","Yes","Yes","Yes","501","No","No","No","No","10 days; Not specified","Yes",,"Yes","Yes","Yes","Yes","Yes","Yes","Yes","No",,"No","No","No","No","10 days; Not specified"
"AK2002","AK",2002,"Yes","Yes","Yes","Yes","Yes","Yes","Yes","Yes","501","No","No","No","No","10 days; Not specified","Yes",,"Yes","Yes","Yes","Yes","Yes","Yes","Yes","No",,"No","No","No","No","10 days; Not specified"
"AL1996","AL",1996,"No","No","No","No","No","No","No","No","0","No","No","No","No",,"No",,,,,,,,,,,,,,,
"AL1998","AL",1998,"No","No","No","No","No","No","No","No","0","No","No","No","No",,"No",,,,,,,,,,,,,,,
"AL2000","AL",2000,"No","No","No","No","No","No","No","No","0","No","No","No","No",,"No",,,,,,,,,,,,,,,
"AL2002","AL",2002,"No","No","No","No","No","No","No","No","0","No","No","No","No",,"No",,,,,,,,,,,,,,,
"AL2004","AL",2004,"No","No","No","No","No","No","No","No","0","No","No","No","No",,"No",,,,,,,,,,,,,,,
"AL2006","AL",2006,"No","No","No","No","No","No","No","No","0","No","No","No","No",,"No",,,,,,,,,,,,,,,
"AL2008","AL",2008,"No","No","No","No","No","No","No","No","0","No","No","No","No",,"No",,,,,,,,,,,,,,,
"AL2010","AL",2010,"No","No","No","No","No","No","No","No","0","No","No","No","No",,"No",,,,,,,,,,,,,,,
"AL2012","AL",2012,"No","No","No","No","No","No","No","No","0","No","No","No","No",,"Yes","120 days","Yes","Yes","Yes","Yes","No","Yes","Yes","Yes","1000","Yes","Yes","Yes","Yes","NA"
"AL2014","AL",2014,"No","No","No","No","No","No","No","No","0","No","No","No","No",,"Yes","120 days","Yes","Yes","Yes","Yes","AL","Yes","Yes","Yes","1000","Yes","Yes","Yes","Yes","NA"
"AL2016","AL",2016,,,,,,,,,,,,,,,,,,,,,,,,,,,,,,
"AR1996","AR",1996,"No","No","No","No","No","No","No","No","0","No","No","No","No",,"No",,,,,,,,,,,,,,,
"AR1998","AR",1998,"Yes","No","No","Yes","Yes","Yes","Yes","Yes","500","No","No","Yes","Yes","See A.C.A. 7-6-220(a)","No",,,,,,,,,,,,,,,
"AR2000","AR",2000,"Yes","No","No","Yes","Yes","Yes","Yes","Yes","500","No","No","Yes","Yes","See A.C.A. 7-6-220(a)","No",,,,,,,,,,,,,,,
"AR2002","AR",2002,"Yes","No","No","Yes","Yes","Yes","Yes","Yes","500","No","No","Yes","Yes","See A.C.A. 7-6-220(a)","No",,,,,,,,,,,,,,,
"AR2004","AR",2004,"Yes","No","No","Yes","Yes","Yes","Yes","Yes","500","No","No","Yes","Yes","See A.C.A. 7-6-220(a)","No",,,,,,,,,,,,,,,
"AR2006","AR",2006,"Yes","No","No","Yes","Yes","Yes","Yes","Yes","500","No","No","Yes","Yes","See A.C.A. 7-6-220(a)","No",,,,,,,,,,,,,,,
"AR2008","AR",2008,"Yes","No","No","Yes","Yes","Yes","Yes","Yes","500","No","No","Yes","Yes","See A.C.A. 7-6-220(a)","No",,,,,,,,,,,,,,,
"AR2010","AR",2010,"Yes","No","No","Yes","Yes","Yes","Yes","Yes","500","No","No","Yes","Yes","See A.C.A. 7-6-220(a)","No",,,,,,,,,,,,,,,
"AR2012","AR",2012,"Yes","No","No","Yes","Yes","Yes","Yes","Yes","500","No","No","Yes","Yes","See A.C.A. 7-6-220(a)","No",,,,,,,,,,,,,,,
"AR2014","AR",2014,"Yes","No","No","Yes","Yes","Yes","Yes","Yes","500","No","No","Yes","Yes","See A.C.A. 7-6-220(a)","No",,,,,,,,,,,,,,,
"AR2016","AR",2016,,,,,,,,,,,,,,,,,,,,,,,,,,,,,,
"AZ1996","AZ",1996,"No","Yes","Yes","No","No","No","No","No","0","Yes","Yes","Yes","Yes","IE report included in standard filings","No",,,,,,,,,,,,,,,
"AZ1998","AZ",1998,"No","Yes","Yes","No","No","No","No","No","0","Yes","Yes","Yes","Yes","IE report included in standard filings","No",,,,,,,,,,,,,,,
"AZ2000","AZ",2000,"Yes","Yes","Yes","No","No","No","No","Yes","501","Yes","Yes","Yes","Yes","IE report included in standard filings","No",,,,,,,,,,,,,,,
"AZ2002","AZ",2002,"Yes","Yes","Yes","No","No","No","No","Yes","501","Yes","Yes","Yes","Yes","IE report included in standard filings","No",,,,,,,,,,,,,,,
"AZ2004","AZ",2004,"Yes","Yes","Yes","No","No","No","No","Yes","501","Yes","Yes","Yes","Yes","IE report included in standard filings","No",,,,,,,,,,,,,,,
"AZ2006","AZ",2006,"Yes","Yes","Yes","No","No","No","No","Yes","501","Yes","Yes","Yes","Yes","IE report included in standard filings","No",,,,,,,,,,,,,,,
"AZ2008","AZ",2008,"Yes","Yes","Yes","No","No","No","No","Yes","501","Yes","Yes","Yes","Yes","IE report included in standard filings","No",,,,,,,,,,,,,,,
"AZ2010","AZ",2010,"Yes","Yes","Yes","Yes","Yes","No","No","Yes","501","Yes","Yes","Yes","Yes","IE report included in standard filings","No",,,,,,,,,,,,,,,
"AZ2012","AZ",2012,"Yes","Yes","Yes","Yes","Yes","No","No","Yes","501","Yes","Yes","Yes","Yes","IE report included in standard filings","No",,,,,,,,,,,,,,,
"AZ2014","AZ",2014,"Yes","Yes","Yes","Yes","Yes","No","No","Yes","501","Yes","Yes","Yes","Yes","IE report included in standard filings","No",,,,,,,,,,,,,,,
"AZ2016","AZ",2016,,,,,,,,,,,,,,,,,,,,,,,,,,,,,,
"CA1996","CA",1996,"Yes","Yes","Yes","Yes","Yes","Yes","Yes","Yes","500","Yes","No","Yes","No","Regular filing schedule or 24-hours for late expenditures","No",,,,,,,,,,,,,,,
"CA1998","CA",1998,"Yes","Yes","Yes","Yes","Yes","Yes","Yes","Yes","500","Yes","No","Yes","No","Regular filing schedule or 24-hours for late expenditures","No",,,,,,,,,,,,,,,
"CA2000","CA",2000,"Yes","Yes","Yes","Yes","Yes","Yes","Yes","Yes","500","Yes","No","Yes","No","Regular filing schedule or 24-hours for late expenditures","No",,,,,,,,,,,,,,,
"CA2002","CA",2002,"Yes","Yes","Yes","Yes","Yes","Yes","Yes","Yes","500","Yes","No","Yes","No","Regular filing schedule or 24-hours for late expenditures or expenditures of more than $1,000","No",,,,,,,,,,,,,,,
"CA2004","CA",2004,"Yes","Yes","Yes","Yes","Yes","Yes","Yes","Yes","500","Yes","No","Yes","No","Regular filing schedule or 24-hours for late expenditures or expenditures of more than $1,000","No",,,,,,,,,,,,,,,
"CA2006","CA",2006,"Yes","Yes","Yes","Yes","Yes","Yes","Yes","Yes","500","Yes","No","Yes","No","Regular filing schedule or 24-hours for late expenditures or expenditures of more than $1,000","No",,,,,,,,,,,,,,,
"CA2008","CA",2008,"Yes","Yes","Yes","Yes","Yes","Yes","Yes","Yes","500","Yes","No","Yes","No","Regular filing schedule or 24-hours for late expenditures or expenditures of more than $1,000","No",,,,,,,,,,,,,,,
"CA2010","CA",2010,"Yes","Yes","Yes","Yes","Yes","Yes","Yes","Yes","500","Yes","No","Yes","No","Regular filing schedule or 24-hours for late expenditures or expenditures of more than $1,000","No",,,,,,,,,,,,,,,
"CA2012","CA",2012,"Yes","Yes","Yes","Yes","Yes","Yes","Yes","Yes","500","Yes","No","Yes","No","Regular filing schedule or 24-hours for late expenditures or expenditures of more than $1,000","No",,,,,,,,,,,,,,,
"CA2014","CA",2014,"Yes","Yes","Yes","Yes","Yes","Yes","Yes","Yes","500","Yes","No","Yes","No","Regular filing schedule or 24-hours for late expenditures or expenditures of more than $1,000","No",,,,,,,,,,,,,,,
"CA2016","CA",2016,,,,,,,,,,,,,,,,,,,,,,,,,,,,,,
"CO1996","CO",1996,"Yes","Yes","Yes","Yes","Yes","No","Yes","Yes","500","No","No","Yes","Yes","24 hours","No",,,,,,,,,,,,,,,
"CO1998","CO",1998,"Yes","Yes","Yes","Yes","Yes","No","Yes","Yes","1001","Yes","No","Yes","Yes","24 hours","No",,,,,,,,,,,,,,,
"CO2000","CO",2000,"Yes","Yes","Yes","Yes","Yes","No","Yes","Yes","1001","No","No","Yes","Yes","24 hours","No",,,,,,,,,,,,,,,
"CO2002","CO",2002,"Yes","Yes","Yes","Yes","Yes","No","Yes","Yes","1001","No","No","Yes","Yes","24 hours","No",,,,,,,,,,,,,,,
"CO2004","CO",2004,"Yes","Yes","Yes","Prohibited","Prohibited","No","Yes","Yes","1001","No","No","Yes","Yes","48 hrs. if w/in 30 days of a primary or general election","Yes","electioneering","Yes","Yes","Yes","Prohibited","Prohibited","No","Yes","Yes","1000","No","Yes if contribution <250","No","No","not specified"
"CO2006","CO",2006,"Yes","Yes","Yes","Prohibited","Prohibited","No","Yes","Yes","1001","No","No","Yes","Yes","48 hrs. if w/in 30 days of a primary or general election","Yes","electioneering","Yes","Yes","Yes","Prohibited","prohibited","No","Yes","Yes","1000","No","Yes if contribution <250","No","No","not specified"
"CO2008","CO",2008,"Yes","Yes","Yes","Prohibited","Prohibited","No","Yes","Yes","1001","No","No","Yes","Yes","48 hours","Yes","Electioneering","Yes","Yes","Yes","prohibited","prohibited","No","Yes","Yes","1000","No","if contribution > 250","No","No","30 days after election"
"CO2010","CO",2010,"Yes","Yes","Yes","Yes","Yes","No","Yes","Yes","1001","Yes","Yes","Yes","Yes","48 hours","Yes","Electioneering","Yes","Yes","Yes","Yes","Yes","No","Yes","Yes","1000","No","disclose donor if >$250","No","No","30 days after election"
"CO2012","CO",2012,"Yes","Yes","Yes","Yes","Yes","No","Yes","Yes","1001","Yes","Yes","Yes","Yes","48 hours","Yes","Electioneering","Yes","Yes","Yes","Yes","Yes","No","Yes","Yes","1000","No","disclose donor if >$250","No","No","30 days after election"
"CO2014","CO",2014,"Yes","Yes","Yes","Yes","Yes","No","Yes","Yes","1001","No","No","Yes","Yes","48 hours","Yes","Electioneering","Yes","Yes","Yes","Yes","Yes","No","Yes","Yes","1000","No","disclose donor if >$250","No","No","30 days after election"
"CO2016","CO",2016,,,,,,,,,,,,,,,,,,,,,,,,,,,,,,
"CT1996","CT",1996,"No","No","No","No","No","No","No","No","0","No","No","No","No",,"No",,,,,,,,,,,,,,,
"CT1998","CT",1998,"Yes","No","No","No","No","No","No","Yes","1001","No","No","No","No","Same filing schedule as campaign committees","No",,,,,,,,,,,,,,,
"CT2000","CT",2000,"Yes","No","No","No","No","No","No","Yes","1001","No","No","No","No","Same filing schedule as campaign committees","No",,,,,,,,,,,,,,,
"CT2002","CT",2002,"Yes","No","No","No","No","No","No","Yes","1001","No","No","No","No","Same filing schedule as campaign committees","No",,,,,,,,,,,,,,,
"CT2004","CT",2004,"Yes","No","No","No","No","No","No","Yes","1001","No","No","No","No","Same filing schedule as campaign committees","No",,,,,,,,,,,,,,,
"CT2006","CT",2006,"Yes","No","No","No","No","No","No","Yes","1001","No","No","No","No","Same filing schedule as campaign committees","No",,,,,,,,,,,,,,,
"CT2008","CT",2008,"Yes","No","No","No","No","No","No","Yes","1001","No","No","No","No","Same filing schedule as campaign committees","No",,,,,,,,,,,,,,,
"CT2010","CT",2010,"Yes","Yes","Yes","Yes","Yes","Yes","Yes","Yes","1001","No","No","Yes","No","48 hours if >90 days before election, 24-hours within 90 days","No",,,,,,,,,,,,,,,
"CT2012","CT",2012,"Yes","Yes","Yes","Yes","Yes","Yes","Yes","Yes","1001","No","No","Yes","No","48 hours if >90 days before election, 24-hours within 90 days","No",,,,,,"CT",,,,,,,,,
"CT2014","CT",2014,"Yes","Yes","Yes","Yes","Yes","Yes","Yes","Yes","1001","Yes","Yes","Yes","Yes","48 hours if >90 days before election, 24-hours within 90 days","No",,,,,,,,,,,,,,,
"CT2016","CT",2016,,,,,,,,,,,,,,,,,,,,,,,,,,,,,,
"DE1996","DE",1996,"Yes","Yes","Yes","Yes","Yes","Yes","Yes","Yes","101","Yes","Yes","No","No","Any IE not made within the 20th and 1st day before an election is subject to the same reporting requirements as other contributions (2nd day after end of reporting period). 24 hrs. after IE for Ies made between 20 and 1 days before an election.","No",,,,,,,,,,,,,,,
"DE1998","DE",1998,"Yes","Yes","Yes","Yes","Yes","Yes","Yes","Yes","101","Yes","Yes","No","No","Any IE not made within the 20th and 1st day before an election is subject to the same reporting requirements as other contributions (2nd day after end of reporting period). 24 hrs. after IE for Ies made between 20 and 1 days before an election.","No",,,,,,,,,,,,,,,
"DE2000","DE",2000,"Yes","Yes","Yes","Yes","Yes","Yes","Yes","Yes","101","Yes","Yes","No","No","Any IE not made within the 20th and 1st day before an election is subject to the same reporting requirements as other contributions (2nd day after end of reporting period). 24 hrs. after IE for Ies made between 20 and 1 days before an election.","No",,,,,,,,,,,,,,,
"DE2002","DE",2002,"Yes","Yes","Yes","Yes","Yes","Yes","Yes","Yes","101","Yes","Yes","No","No","Any IE not made within the 20th and 1st day before an election is subject to the same reporting requirements as other contributions (2nd day after end of reporting period). 24 hrs. after IE for Ies made between 20 and 1 days before an election.","No",,,,,,,,,,,,,,,
"DE2004","DE",2004,"Yes","Yes","Yes","Yes","Yes","Yes","Yes","Yes","101","Yes","Yes","No","No","Any IE not made within the 20th and 1st day before an election is subject to the same reporting requirements as other contributions (2nd day after end of reporting period). 24 hrs. after IE for Ies made between 20 and 1 days before an election.","No",,,,,,,,,,,,,,,
"DE2006","DE",2006,"Yes","Yes","Yes","Yes","Yes","Yes","Yes","Yes","101","Yes","Yes","No","No","Any IE not made within the 20th and 1st day before an election is subject to the same reporting requirements as other contributions (2nd day after end of reporting period). 24 hrs. after IE for Ies made between 20 and 1 days before an election.","No",,,,,,,,,,,,,,,
"DE2008","DE",2008,"Yes","Yes","Yes","Yes","Yes","Yes","Yes","Yes","101","Yes","Yes","No","No","Any IE not made within the 20th and 1st day before an election is subject to the same reporting requirements as other contributions (2nd day after end of reporting period). 24 hrs. after IE for Ies made between 20 and 1 days before an election.","No",,,,,,,,,,,,,,,
"DE2010","DE",2010,"Yes","Yes","Yes","Yes","Yes","Yes","Yes","Yes","101","Yes","Yes","No","No","Any IE not made within the 20th and 1st day before an election is subject to the same reporting requirements as other contributions (2nd day after end of reporting period). 24 hrs. after IE for Ies made between 20 and 1 days before an election.","No",,,,,,,,,,,,,,,
"DE2012","DE",2012,"Yes","Yes","Yes","Yes","Yes","Yes","Yes","Yes","101","Yes","Yes","No","No","Any IE not made within the 20th and 1st day before an election is subject to the same reporting requirements as other contributions (2nd day after end of reporting period). 24 hrs. after IE for Ies made between 20 and 1 days before an election.","No",,,,,,,,,,,,,,,
"DE2014","DE",2014,"Yes","No","Yes","Yes","Yes","Yes","Yes","Yes","501","Yes","Yes","No","No","If more than 30 days before special election/primary or more than 60 days before general election, within 48 hrs of IE.  If within those time periods, within 24 hours of IE.","Yes","communication by any individual or other person (other than candidate comm. Or party) that referes to clearly identified candidate & is distributed w/in 30 dyas before primary or special or 60 days before general","Yes","No","Yes","Yes","Yes","Yes","Yes","Yes","501","No","No","No","No","If more than 30 days before special election/primary or more than 60 days before general election, within 48 hrs of EC.  If within those time periods, within 24 hours of EC."
"DE2016","DE",2016,"Yes","Yes","Yes","Yes","Yes","Yes","Yes","Yes","501","Yes","Yes","No","No","If more than 30 days before special election/primary or more than 60 days before general election, within 48 hrs of IE.  If within those time periods, within 24 hours of IE.","No",,,,,,,,,,,,,,,
"FL1996","FL",1996,"Yes","No","Yes","Yes","Yes","No","Yes","Yes","100","Yes","No","Yes","Yes","notice must be in writing within 24 hours if expenditure is in excess of $1000","No",,,,,,,,,,,,,,,
"FL1998","FL",1998,"Yes","Yes","Yes","Yes","Yes","No","Yes","Yes","100","Yes","No","Yes","Yes","notice must be in writing within 24 hours if expenditure is in excess of $1000","No",,,,,,,,,,,,,,,
"FL2000","FL",2000,"Yes","Yes","Yes","Yes","Yes","No","Yes","Yes","100","Yes","No","Yes","Yes","notice must be in writing within 24 hours if expenditure is in excess of $1000","No",,,,,,,,,,,,,,,
"FL2002","FL",2002,"Yes","Yes","Yes","Yes","Yes","No","Yes","Yes","100","Yes","No","Yes","Yes","notice must be in writing within 24 hours if expenditure is in excess of $1000","No",,,,,,,,,,,,,,,
"FL2004","FL",2004,"Yes","Yes","Yes","Yes","Yes","No","Yes","Yes","100","Yes","No","Yes","Yes","notice must be in writing within 24 hours if expenditure is in excess of $1000","No",,,,,,,,,,,,,,,
"FL2006","FL",2006,"Yes","Yes","Yes","Yes","Yes","No","Yes","Yes","100","Yes","No","Yes","Yes","not specified","Yes","electioneering","Yes","Yes","Yes","Yes","Yes","No","Yes","Yes","100","Yes","No","Yes","Yes","not specified"
"FL2008","FL",2008,"Yes","Yes","Yes","Yes","Yes","No","Yes","Yes","100","Yes","No","Yes","Yes","not specified","Yes","electioneering","Yes","Yes","Yes","Yes","Yes","No","Yes","Yes","100","Yes","No","Yes","Yes","not specified"
"FL2010","FL",2010,"Yes","Yes","Yes","Yes","Yes","No","Yes","Yes","5000","Yes","No","Yes","Yes","not specified","Yes","electioneering","Yes","Yes","Yes","Yes","Yes","No","Yes","Yes","5000","Yes","No","Yes","Yes","not specified"
"FL2012","FL",2012,"Yes","Yes","Yes","Yes","Yes","No","Yes","Yes","5000","Yes","No","Yes","Yes","not specified","Yes","electioneering","Yes","Yes","Yes","Yes","Yes","No","Yes","Yes","5000","Yes","No","Yes","Yes","not specified"
"FL2014","FL",2014,"Yes","Yes","Yes","Yes","Yes","No","Yes","Yes","5000","Yes","No","Yes","Yes","not specified","Yes","electioneering","Yes","Yes","Yes","Yes","Yes","No","Yes","Yes","5000","Yes","No","Yes","Yes","not specified"
"FL2016","FL",2016,,,,,,,,,,,,,,,,,,,,,,,,,,,,,,
"GA1996","GA",1996,"No","No","Yes","No","No","No","No","Yes","101","No","No","No","No","Reported in standard Disclosure Reports","No",,,,,,,,,,,,,,,
"GA1998","GA",1998,"No","No","Yes","No","No","No","No","Yes","101","No","No","No","No","Reported in standard Disclosure Reports","No",,,,,,,,,,,,,,,
"GA2000","GA",2000,"Yes","No","Yes","Yes","Yes","Yes","Yes","Yes","101","No","No","No","No","Reported in standard Disclosure Reports","No",,,,,,,,,,,,,,,
"GA2002","GA",2002,"Yes","No","Yes","Yes","Yes","Yes","Yes","Yes","500","No","No","No","No","Reported in standard Disclosure Reports","No",,,,,,"GA",,,,,,,,,
"GA2004","GA",2004,"Yes","No","Yes","Yes","Yes","Yes","Yes","Yes","500","No","No","No","No","Reported in standard Disclosure Reports","No",,,,,,,,,,,,,,,
"GA2006","GA",2006,"Yes","No","Yes","Yes","Yes","Yes","Yes","Yes","500","No","No","No","No","Reported in standard Disclosure Reports","No",,,,,,,,,,,,,,,
"GA2008","GA",2008,"Yes","No","Yes","Yes","Yes","Yes","Yes","Yes","500","No","No","No","No","Reported in standard Disclosure Reports","No",,,,,,,,,,,,,,,
"GA2010","GA",2010,"Yes","No","Yes","Yes","Yes","Yes","Yes","Yes","500","No","No","No","No","Reported in standard Disclosure Reports","No",,,,,,,,,,,,,,,
"GA2012","GA",2012,"Yes","No","Yes","Yes","Yes","Yes","Yes","Yes","500","No","No","No","No","Reported in standard Disclosure Reports","No",,,,,,,,,,,,,,,
"GA2014","GA",2014,"Yes","No","Yes","Yes","Yes","Yes","Yes","Yes","500","No","No","No","No","Reported in standard Disclosure Reports","No",,,,,,,,,,,,,,,
"GA2016","GA",2016,,,,,,,,,,,,,,,,,,,,,,,,,,,,,,
"HI1996","HI",1996,"No","No","No","Yes","Yes","Yes","Yes","No","0","No","No","No","No",,"No",,,,,,,,,,,,,,,
"HI1998","HI",1998,"No","No","No","Yes","Yes","Yes","Yes","No","0","No","No","No","No",,"No",,,,,,,,,,,,,,,
"HI2000","HI",2000,"No","No","No","Yes","Yes","Yes","Yes","No","0","No","No","No","No",,"Yes","Electioneering Communication","Yes","Yes","Yes","Yes","Yes","Yes","Yes","Yes","2000","Yes","Yes","Yes","No","24 hours"
"HI2002","HI",2002,"No","No","No","Yes","Yes","Yes","Yes","No","0","No","No","No","No",,"Yes","Electioneering Communication","Yes","Yes","Yes","Yes","Yes","Yes","Yes","Yes","2000","Yes","Yes","Yes","No","24 hours"
"HI2004","HI",2004,"No","No","No","Yes","Yes","Yes","Yes","No","0","No","No","No","No",,"Yes","Electioneering Communication","Yes","Yes","Yes","Yes","Yes","Yes","Yes","Yes","2000","Yes","Yes","Yes","No","24 hours"
"HI2006","HI",2006,"No","No","No","Yes","Yes","Yes","Yes","No","0","No","No","No","No",,"Yes","Electioneering Communication","Yes","Yes","Yes","Yes","Yes","Yes","Yes","Yes","2000","Yes","Yes","Yes","No","24 hours"
"HI2008","HI",2008,"No","No","No","Yes","Yes","Yes","Yes","No","0","No","No","No","No",,"Yes","Electioneering Communication","Yes","Yes","Yes","Yes","Yes","Yes","Yes","Yes","2000","Yes","Yes","Yes","No","24 hours"
"HI2010","HI",2010,"No","No","No","Yes","Yes","Yes","Yes","No","0","No","No","No","No",,"Yes","Electioneering Communication","Yes","Yes","Yes","Yes","Yes","Yes","Yes","Yes","2000","Yes","Yes","Yes","No","24 hours"
"HI2012","HI",2012,"No","No","No","Yes","Yes","Yes","Yes","No","0","No","No","No","No",,"Yes","Electioneering Communication","Yes","Yes","Yes","Yes","Yes","Yes","Yes","Yes","2000","Yes","Yes","Yes","No","24 hours"
"HI2016","HI",2016,,,,,,,,,,,,,,,,,,,,,,,,,,,,,,
"IA1996","IA",1996,"Yes","Yes","Yes","No","Yes","Yes","Yes","Yes","501","Yes","No","Yes","Yes","72 hours","No",,,,,,,,,,,,,,,
"IA1998","IA",1998,"No","No","No","No","No","No","No","No","N/A","No","No","No","No",,"No",,,,,,,,,,,,,,,
"IA2000","IA",2000,"No","No","No","No","No","No","No","No","N/A","No","No","No","No",,"No",,,,,,,,,,,,,,,
"IA2004","IA",2004,"Yes","Yes","Yes","Yes","Yes","Yes","Yes","Yes","1001","Yes","Yes","Yes","Yes",,"No","Within 48 hours after making an expenditure over $750",,,,,,,,,,,,,,
"IA2006","IA",2006,"Yes","Yes","Yes","Yes","Yes","Yes","Yes","Yes","1001","Yes","Yes","Yes","Yes",,"No","Within 48 hours after making an expenditure over $750",,,,,"IA",,,,,,,,,
"IA2008","IA",2008,"Yes","Yes","Yes","Yes","Yes","Yes","Yes","Yes","1001","Yes","Yes","Yes","Yes",,"No","Within 48 hours after making an expenditure over $750",,,,,"IA",,,,,,,,,
"IA2010","IA",2010,"Yes","Yes","Yes","Yes","Yes","Yes","Yes","Yes","1001","Yes","Yes","Yes","Yes",,"No","Within 48 hours after making an expenditure over $750",,,,,"IA",,,,,,,,,
"IA2012","IA",2012,"Yes","Yes","Yes","Yes","Yes","Yes","Yes","Yes","1001","Yes","Yes","Yes","Yes",,"No","Within 48 hours after making an expenditure over $750",,,,,"IA",,,,,,,,,
"IA2014","IA",2014,"Yes","Yes","Yes","Yes","Yes","Yes","Yes","Yes","1001","Yes","Yes","Yes","Yes",,"No","Within 48 hours after making an expenditure over $750",,,,,"IA",,,,,,,,,
"IA2016","IA",2016,,,,,,,,,,,,,,,,,,,,,,,,,,,,,,
"ID1996","ID",1996,"Yes","Yes","Yes","Yes","Yes","Yes","Yes","Yes","51","No","No","No","No","Not more than 30 Days","No",,,,,,,,,,,,,,,
"ID1998","ID",1998,"Yes","Yes","Yes","Yes","Yes","Yes","Yes","Yes","101","Yes","No","Yes","No","not less than seven (7) days prior to the primary and general election and thirty (30) days after the general election.","No",,,,,,,,,,,,,,,
"ID2000","ID",2000,"Yes","Yes","Yes","Yes","Yes","Yes","Yes","Yes","101","Yes","No","Yes","No","not less than seven (7) days prior to the primary and general election and thirty (30) days after the primary and general election.","No",,,,,,,,,,,,,,,
"ID2002","ID",2002,"Yes","Yes","Yes","Yes","Yes","Yes","Yes","Yes","101","Yes","No","Yes","No","not less than seven (7) days prior to the primary and general election and thirty (30) days after the primary and general election.","No",,,,,,"ID",,,,,,,,,
"ID2004","ID",2004,"Yes","Yes","Yes","Yes","Yes","Yes","Yes","Yes","101","Yes","No","Yes","No","Not less than 7 days prior to primary & general elections & 30 days after primary & general elections; persons who make IEs aggregating $1,000 or more 16 days prior, but not more than 48 hours prior, to prim & gen election to file report w/in 48 hours","No",,,,,,,,,,,,,,,
"ID2006","ID",2006,"Yes","Yes","Yes","Yes","Yes","Yes","Yes","Yes","101","Yes","No","Yes","No","Not less than 7 days prior to primary & general elections & 30 days after primary & general elections; persons who make IEs aggregating $1,000 or more 16 days prior, but not more than 48 hours prior, to prim & gen election to file report w/in 48 hours","Yes","Electioneering Communications","Yes","Yes","Yes","Yes","Yes","Yes","Yes","Yes","101","Yes","Yes","No","No","Statements shall be filed with the secretary of state, not less than seven (7) days prior to the primary and general election and thirty (30) days after the primary and general election. Additionally any electioneering communication > $1,000 disc.w/in 48h"
"ID2008","ID",2008,"Yes","Yes","Yes","Yes","Yes","Yes","Yes","Yes","101","Yes","No","Yes","No","Not less than 7 days prior to primary & general elections & 30 days after primary & general elections; persons who make IEs aggregating $1,000 or more 16 days prior, but not more than 48 hours prior, to prim & gen election to file report w/in 48 hours","Yes","Electioneering Communications","Yes","Yes","Yes","Yes","ID","Yes","Yes","Yes","101","Yes","Yes","No","No","Statements shall be filed with the secretary of state, not less than seven (7) days prior to the primary and general election and thirty (30) days after the primary and general election. Additionally any electioneering communication > $1,000 disc.w/in 48h"
"ID2010","ID",2010,"Yes","Yes","Yes","Yes","Yes","Yes","Yes","Yes","101","Yes","No","Yes","No","Not less than 7 days prior to primary & general elections & 30 days after primary & general elections; persons who make IEs aggregating $1,000 or more 16 days prior, but not more than 48 hours prior, to prim & gen election to file report w/in 48 hours","Yes","Electioneering Communications","Yes","Yes","Yes","Yes","Yes","Yes","Yes","Yes","101","Yes","Yes","No","No","Statements shall be filed with the secretary of state, not less than seven (7) days prior to the primary and general election and thirty (30) days after the primary and general election. Additionally any electioneering communication > $1,000 disc.w/in 48h"
"ID2012","ID",2012,"Yes","Yes","Yes","Yes","Yes","Yes","Yes","Yes","101","Yes","No","Yes","No","Not less than 7 days prior to primary & general elections & 30 days after primary & general elections; persons who make IEs aggregating $1,000 or more 16 days prior, but not more than 48 hours prior, to prim & gen election to file report w/in 48 hours","Yes","Electioneering Communications","Yes","Yes","Yes","Yes","Yes","Yes","Yes","Yes","101","Yes","Yes","No","No","Statements shall be filed with the secretary of state, not less than seven (7) days prior to the primary and general election and thirty (30) days after the primary and general election. Additionally any electioneering communication > $1,000 disc.w/in 48h"
"ID2014","ID",2014,"Yes","Yes","Yes","Yes","Yes","Yes","Yes","Yes","101","Yes","No","Yes","No","Not less than 7 days prior to primary & general elections & 30 days after primary & general elections; persons who make IEs aggregating $1,000 or more 16 days prior, but not more than 48 hours prior, to prim & gen election to file report w/in 48 hours","Yes","Electioneering Communications","Yes","Yes","Yes","Yes","ID","Yes","Yes","Yes","101","Yes","Yes","No","No","Statements shall be filed with the secretary of state, not less than seven (7) days prior to the primary and general election and thirty (30) days after the primary and general election. Additionally any electioneering communication > $1,000 disc.w/in 48h"
"ID2016","ID",2016,"Yes","Yes","Yes","Yes","Yes","Yes","Yes","Yes","101","Yes","No","Yes","No","Not less than 7 days prior to primary & general elections & 30 days after primary & general elections; persons who make IEs aggregating $1,000 or more 16 days prior, but not more than 48 hours prior, to prim & gen election to file report w/in 48 hours","Yes","Electioneering Communications","Yes","Yes","Yes","Yes","ID","Yes","Yes","Yes","101","Yes","Yes","No","No","Statements shall be filed with the secretary of state, not less than seven (7) days prior to the primary and general election and thirty (30) days after the primary and general election. Additionally any electioneering communication > $1,000 disc.w/in 48h"
"IL1996","IL",1996,"No","No","No","No","No","No","No","No","0","No","No","No","No",,"No",,,,,,,,,,,,,,,
"IL1998","IL",1998,"No","No","No","No","No","No","No","No","0","No","No","No","No",,"No",,,,,,"IL",,,,,,,,,
"IL2000","IL",2000,"No","No","No","No","No","No","No","No","0","No","No","No","No",,"No",,,,,,"IL",,,,,,,,,
"IL2002","IL",2002,"No","No","No","No","No","No","No","No","0","No","No","No","No",,"No",,,,,,"IL",,,,,,,,,
"IL2004","IL",2004,"No","No","No","No","No","No","Yes","No","0","No","No","No","No",,"Yes","60 days before a general election or 30 days before a primary election","Yes","Yes","Yes","No","No","No","Yes","No",,"No","No","Yes","Yes",
"IL2006","IL",2006,"No","No","No","No","No","No","Yes","No","0","No","No","No","No",,"Yes","60 days before a general election or 30 days before a primary election","Yes","Yes","Yes","No","IL","No","Yes","No",,"No","No","Yes","Yes",
"IL2008","IL",2008,"No","No","No","No","No","No","Yes","No","0","No","No","No","No",,"Yes","60 days before a general election or 30 days before a primary election","Yes","Yes","Yes","No","IL","No","Yes","No",,"No","No","Yes","Yes",
"IL2010","IL",2010,"Yes","Yes","No","No","No","No","No","Yes","3001","Yes","Yes","Yes","Yes","2 business days","Yes","60 days before a general election or 30 days before a primary election","Yes","Yes","Yes","No","IL","No","Yes","No",,"No","No","Yes","Yes",
"IL2012","IL",2012,"Yes","No","No","No","No","No","No","Yes","3001","Yes","Yes","Yes","Yes","2 business days","Yes","60 days before a general election or 30 days before a primary election","Yes","Yes","Yes","No","IL","No","Yes","No",,"No","No","Yes","Yes",
"IL2014","IL",2014,"Yes","No","No","No","No","No","No","Yes","5001","Yes","Yes","Yes","Yes","2 business days","Yes","60 days before a general election or 30 days before a primary election","Yes","Yes","Yes","No","IL","No","Yes","No",,"No","No","Yes","Yes",
"IL2016","IL",2016,,,,,,,,,,,,,,,,,,,,,,,,,,,,,,
"IN2016","IN",2016,"No","No","No","No","No","No","No",,,"No","No","No","No",,"No",,,,,,"IN",,,,,,,,,
"KS1996","KS",1996,"Yes","No","No","Yes","Yes","Yes","Yes","Yes","100","No","Yes","No","No","NA","No",,,,,,,,,,,,,,,
"KS1998","KS",1998,"Yes","No","No","Yes","Yes","Yes","Yes","Yes","100","No","Yes","No","No","NA","No",,,,,,,,,,,,,,,
"KS2000","KS",2000,"Yes","No","No","Yes","Yes","Yes","Yes","Yes","100","No","Yes","No","No","NA","No",,,,,,,,,,,,,,,
"KS2002","KS",2002,"Yes","No","No","Yes","Yes","Yes","Yes","Yes","100","No","Yes","No","No","NA","No",,,,,,,,,,,,,,,
"KS2004","KS",2004,"Yes","No","No","Yes","Yes","Yes","Yes","Yes","100","No","Yes","No","No","NA","No",,,,,,,,,,,,,,,
"KS2006","KS",2006,"Yes","No","No","Yes","Yes","Yes","Yes","Yes","100","No","Yes","No","No","NA","No",,,,,,,,,,,,,,,
"KS2008","KS",2008,"Yes","No","No","Yes","Yes","Yes","Yes","Yes","100","No","Yes","No","No","NA","No",,,,,,,,,,,,,,,
"KS2010","KS",2010,"Yes","No","No","Yes","Yes","Yes","Yes","Yes","100","No","Yes","No","No","NA","No",,,,,,,,,,,,,,,
"KS2012","KS",2012,"Yes","No","No","Yes","Yes","Yes","Yes","Yes","100","No","Yes","No","No","NA","No",,,,,,,,,,,,,,,
"KS2014","KS",2014,"Yes","No","No","Yes","Yes","Yes","Yes","Yes","100","No","Yes","No","No","NA","No",,,,,,,,,,,,,,,
"KS2016","KS",2016,"Yes","No","No","Yes","Yes","Yes","Yes","Yes","100","No","Yes","No","No","NA","No",,,,,,,,,,,,,,,
"KY1996","KY",1996,"Yes","Yes","Yes","Yes","Yes","Yes","Yes","Yes","501","Yes","Yes","No","No","The only provisions related to IE reporting indicate IE reports must be filed by the last day of the calendar quarter in which the IE is made.","No",,,,,,,,,,,,,,,
"KY1998","KY",1998,"Yes","Yes","Yes","Yes","Yes","Yes","Yes","Yes","501","Yes","Yes","No","No","The only provisions related to IE reporting indicate IE reports must be filed by the last day of the calendar quarter in which the IE is made.","No",,,,,,,,,,,,,,,
"KY2000","KY",2000,"Yes","Yes","Yes","Yes","Yes","Yes","Yes","Yes","501","Yes","Yes","No","No","The only provisions related to IE reporting indicate IE reports must be filed by the last day of the calendar quarter in which the IE is made.","No",,,,,,,,,,,,,,,
"KY2002","KY",2002,"Yes","Yes","Yes","Yes","Yes","Yes","Yes","Yes","501","Yes","Yes","No","No","The only provisions related to IE reporting indicate IE reports must be filed by the last day of the calendar quarter in which the IE is made.","No",,,,,,,,,,,,,,,
"KY2004","KY",2004,"Yes","Yes","Yes","Yes","Yes","Yes","Yes","Yes","501","Yes","Yes","No","No","The only provisions related to IE reporting indicate IE reports must be filed by the last day of the calendar quarter in which the IE is made.","No",,,,,,,,,,,,,,,
"KY2006","KY",2006,"Yes","Yes","Yes","Yes","Yes","Yes","Yes","Yes","501","Yes","Yes","No","No","The only provisions related to IE reporting indicate IE reports must be filed by the last day of the calendar quarter in which the IE is made.","No",,,,,,,,,,,,,,,
"KY2008","KY",2008,"Yes","Yes","Yes","Yes","Yes","Yes","Yes","Yes","501","Yes","Yes","No","No","The only provisions related to IE reporting indicate IE reports must be filed by the last day of the calendar quarter in which the IE is made.","No",,,,,,,,,,,,,,,
"KY2010","KY",2010,"Yes","Yes","Yes","Yes","Yes","Yes","Yes","Yes","501","Yes","Yes","No","No","The only provisions related to IE reporting indicate IE reports must be filed by the last day of the calendar quarter in which the IE is made.","No",,,,,,,,,,,,,,,
"KY2012","KY",2012,"Yes","Yes","Yes","Yes","Yes","Yes","Yes","Yes","501","Yes","Yes","No","No","The only provisions related to IE reporting indicate IE reports must be filed by the last day of the calendar quarter in which the IE is made.","No",,,,,,,,,,,,,,,
"KY2014","KY",2014,"Yes","Yes","Yes","Yes","Yes","Yes","Yes","Yes","501","Yes","Yes","No","No","The only provisions related to IE reporting indicate IE reports must be filed by the last day of the calendar quarter in which the IE is made.","No",,,,,,,,,,,,,,,
"KY2016","KY",2016,,,,,,,,,,,,,,,,,,,,,,,,,,,,,,
"LA1996","LA",1996,"Yes","No","No","Yes","Yes","Yes","Yes","Yes","501","No","Yes","No","No","Same schedule as political committees.","No",,,,,,,,,,,,,,,
"LA1998","LA",1998,"Yes","No","No","Yes","Yes","Yes","Yes","Yes","501","No","Yes","No","No","Same schedule as political committees.","No",,,,,,,,,,,,,,,
"LA2000","LA",2000,"Yes","No","No","Yes","Yes","Yes","Yes","Yes","501","No","Yes","No","No","Same schedule as political committees.","No",,,,,,,,,,,,,,,
"LA2002","LA",2002,"Yes","No","No","Yes","Yes","Yes","Yes","Yes","501","No","Yes","No","No","Same schedule as political committees.","No",,,,,,,,,,,,,,,
"LA2004","LA",2004,"Yes","No","No","Yes","Yes","Yes","Yes","Yes","501","No","Yes","No","No","Same schedule as political committees (including special 48-hour reports)","No",,,,,,,,,,,,,,,
"LA2006","LA",2006,"Yes","No","No","Yes","Yes","Yes","Yes","Yes","501","No","Yes","No","No","Same schedule as political committees (including special 48-hour reports)","No",,,,,,,,,,,,,,,
"LA2008","LA",2008,"Yes","No","No","Yes","Yes","Yes","Yes","Yes","501","No","Yes","No","No","Same schedule as political committees (including special 48-hour reports)","No",,,,,,,,,,,,,,,
"LA2010","LA",2010,"Yes","No","No","Yes","Yes","Yes","Yes","Yes","501","No","Yes","No","No","Same schedule as political committees (including special 48-hour reports)","No",,,,,,,,,,,,,,,
"LA2012","LA",2012,"Yes","No","No","Yes","Yes","Yes","Yes","Yes","501","No","Yes","No","No","Same schedule as political committees (including special 48-hour reports)","No",,,,,,,,,,,,,,,
"LA2014","LA",2014,"Yes","No","No","Yes","Yes","Yes","Yes","Yes","501","No","Yes","No","No","Same schedule as political committees (including special 48-hour reports)","No",,,,,,,,,,,,,,,
"LA2016","LA",2016,,,,,,,,,,,,,,,,,,,,,,,,,,,,,,
"MA1996","MA",1996,"Yes","No","No","Yes","Yes","Yes","Yes","Yes","101","No","No","Yes","Yes","7 days","No",,,,,,,,,,,,,,,
"MA1998","MA",1998,"Yes","No","No","Yes","Yes","Yes","Yes","Yes","101","No","No","Yes","Yes","7 days","No",,,,,,,,,,,,,,,
"MA2000","MA",2000,"Yes","No","No","Yes","Yes","Yes","Yes","Yes","101","No","No","Yes","Yes","7 days","No",,,,,,,,,,,,,,,
"MA2002","MA",2002,"Yes","No","No","Yes","Yes","Yes","Yes","Yes","101","No","No","Yes","Yes","7 days","No",,,,,,,,,,,,,,,
"MA2004","MA",2004,"Yes","No","No","Yes","Yes","Yes","Yes","Yes","101","No","No","Yes","Yes","7 days","No",,,,,,,,,,,,,,,
"MA2006","MA",2006,"Yes","No","No","Yes","Yes","Yes","Yes","Yes","101","No","No","Yes","Yes","7 days","No",,,,,,,,,,,,,,,
"MA2008","MA",2008,"Yes","No","No","Yes","Yes","Yes","Yes","Yes","101","No","No","Yes","Yes","7 days","No",,,,,,,,,,,,,,,
"MA2010","MA",2010,"Yes","No","No","Yes","Yes","Yes","Yes","Yes","101","No","No","Yes","Yes","7 days","Yes","electioneering communication","Yes","No","No","Yes","Yes","Yes","Yes","Yes","251","Yes","Yes","Yes","Yes","Within 7 days of making an expenditure, the spending entity must file an electronic report, which is made available online within 3 days of receipt."
"MA2012","MA",2012,"Yes","No","No","Yes","Yes","Yes","Yes","Yes","101","No","No","Yes","Yes","7 days","Yes","electioneering communication","Yes","No","No","Yes","Yes","Yes","Yes","Yes","251","Yes","Yes","Yes","Yes","Within 7 days of making an expenditure, the spending entity must file an electronic report, which is made available online within 3 days of receipt."
"MA2014","MA",2014,"Yes","No","No","Yes","Yes","Yes","Yes","Yes","101","No","No","Yes","Yes","7 days","Yes","electioneering communication","Yes","No","No","Yes","Yes","Yes","Yes","Yes","251","Yes","Yes","Yes","Yes","Within 7 days of making an expenditure, the spending entity must file an electronic report, which is made available online within 3 days of receipt."
"MA2016","MA",2016,,,,,,,,,,,,,,,,,,,,,,,,,,,,,,
"MD2016","MD",2016,,,,,,,,,,,,,,,,,,,,,,,,,,,,,,
"ME1996","ME",1996,"Yes","No","No","No","No","No","No","Yes","50","No","No","Yes","Yes","NA","No",,,,,,,,,,,,,,,
"ME1998","ME",1998,"Yes","Yes","Yes","No","No","No","No","Yes","50","No","No","Yes","Yes","NA","No",,,,,,,,,,,,,,,
"ME2000","ME",2000,"Yes","Yes","Yes","No","No","No","No","Yes","50","No","No","Yes","Yes","NA","No",,,,,,,,,,,,,,,
"ME2002","ME",2002,"Yes","Yes","Yes","No","No","No","No","Yes","50","No","No","Yes","Yes","NA","No",,,,,,,,,,,,,,,
"ME2004","ME",2004,"Yes","Yes","Yes","No","No","No","No","Yes","100","No","No","Yes","Yes","NA","No",,,,,,,,,,,,,,,
"ME2006","ME",2006,"Yes","Yes","Yes","No","No","No","No","Yes","100","No","No","Yes","Yes","NA","No",,,,,,,,,,,,,,,
"ME2008","ME",2008,"Yes","Yes","Yes","No","No","No","No","Yes","100","No","No","Yes","Yes","NA","No",,,,,,,,,,,,,,,
"ME2010","ME",2010,"Yes","Yes","Yes","No","No","No","No","Yes","100","No","No","Yes","Yes","NA","No",,,,,,,,,,,,,,,
"ME2012","ME",2012,"Yes","Yes","Yes","No","No","No","No","Yes","100","No","No","Yes","Yes","NA","No",,,,,,,,,,,,,,,
"ME2014","ME",2014,"Yes","Yes","Yes","No","No","No","No","Yes","100","No","No","Yes","Yes","NA","No",,,,,,,,,,,,,,,
"ME2016","ME",2016,,,,,,,,,,,,,,,,,,,,,,,,,,,,,,
"MI1996","MI",1996,"Yes","No","No","Yes","Yes","Yes","Yes","Yes","101","Yes","Yes","No","No","Filed within 10 days; Available within 3 business days of transmittal to the relevant local government unit","No",,,,,,,,,,,,,,,
"MI1998","MI",1998,"Yes","No","No","Yes","Yes","Yes","Yes","Yes","101","Yes","Yes","No","No","Filed within 10 days; Available within 3 business days of transmittal to the relevant local government unit","No",,,,,,,,,,,,,,,
"MI2000","MI",2000,"Yes","No","No","Yes","Yes","Yes","Yes","Yes","101","Yes","Yes","No","No","Filed within 10 days; Available within 3 business days of transmittal to the relevant local government unit","No",,,,,,,,,,,,,,,
"MI2002","MI",2002,"Yes","No","No","Yes","Yes","Yes","Yes","Yes","101","Yes","Yes","No","No","Filed within 10 days; Available within 3 business days of transmittal to the relevant local government unit","No",,,,,,,,,,,,,,,
"MI2004","MI",2004,"Yes","No","No","Yes","Yes","Yes","Yes","Yes","101","Yes","Yes","No","No","Filed within 10 days; Available within 3 business days of transmittal to the relevant local government unit","No",,,,,,,,,,,,,,,
"MI2006","MI",2006,"Yes","No","No","Yes","Yes","Yes","Yes","Yes","101","Yes","Yes","No","No","Filed within 10 days; Available within 3 business days of transmittal to the relevant local government unit","No",,,,,,,,,,,,,,,
"MI2008","MI",2008,"Yes","No","No","Yes","Yes","Yes","Yes","Yes","101","Yes","Yes","No","No","Filed within 10 days; Available within 3 business days of transmittal to the relevant local government unit","No",,,,,,,,,,,,,,,
"MI2010","MI",2010,"Yes","No","No","Yes","Yes","Yes","Yes","Yes","101","Yes","Yes","No","No","Filed within 10 days; Available within 3 business days of transmittal to the relevant local government unit","No",,,,,,,,,,,,,,,
"MI2012","MI",2012,"Yes","No","No","Yes","Yes","Yes","Yes","Yes","101","Yes","Yes","No","No","Filed within 10 days; Available within 3 business days of transmittal to the relevant local government unit","No",,,,,,,,,,,,,,,
"MI2014","MI",2014,"Yes","No","No","Yes","Yes","Yes","Yes","Yes","101","Yes","Yes","No","No","Filed within 10 days; Available within 3 business days of transmittal to the relevant local government unit","No",,,,,,,,,,,,,,,
"MI2016","MI",2016,,,,,,,,,,,,,,,,,,,,,,,,,,,,,,
"MN1996","MN",1996,"Yes","No","No","No","No","No","No","No","0","No","No","Yes","No","10 days before election.","No",,,,,,,,,,,,,,,
"MN1998","MN",1998,"Yes","No","No","No","No","No","No","No","0","No","No","Yes","No","10 days before election.","No",,,,,,,,,,,,,,,
"MN2000","MN",2000,"Yes","No","No","No","No","No","No","No","0","No","No","Yes","No","10 days before election.","No",,,,,,,,,,,,,,,
"MN2002","MN",2002,"Yes","No","No","No","No","No","No","No","0","No","No","Yes","No","10 days before election.","No",,,,,,,,,,,,,,,
"MN2004","MN",2004,"Yes","No","No","No","No","No","No","No","0","No","No","Yes","No","10 days before election.","No",,,,,,,,,,,,,,,
"MN2006","MN",2006,"Yes","No","No","No","No","No","No","No","0","No","No","Yes","No","10 days before election.","No",,,,,,,,,,,,,,,
"MN2008","MN",2008,"Yes","No","No","No","No","No","No","No","0","No","No","Yes","No","10 days before election.","No",,,,,,,,,,,,,,,
"MN2010","MN",2010,"Yes","No","No","No","No","No","No","No","0","No","No","Yes","No","10 days before election.","No",,,,,,,,,,,,,,,
"MN2012","MN",2012,"Yes","No","No","No","No","No","No","No","0","No","No","Yes","No","10 days before election.","No",,,,,,,,,,,,,,,
"MN2014","MN",2014,"Yes","No","No","No","No","No","No","Yes","1500","No","No","Yes","No","10 days before election.","No",,,,,,,,,,,,,,,
"MN2016","MN",2016,,,,,,,,,,,,,,,,,,,,,,,,,,,,,,
"MO1996","MO",1996,"Yes","No","No","Yes","Yes","Yes","Yes","Yes","501","No","No","No","No","Within fourteen days after the date of making an expenditure which by itself or when added to all other such expenditures during the same campaign equals five hundred dollars or more.  But, if IE is made within fourteen days of an election within 48 hrs.","No",,,,,,,,,,,,,,,
"MO1998","MO",1998,"Yes","No","No","Yes","Yes","Yes","Yes","Yes","501","No","No","No","No","Within fourteen days after the date of making an expenditure which by itself or when added to all other such expenditures during the same campaign equals five hundred dollars or more.  But, if IE is made within fourteen days of an election within 48 hrs.","No",,,,,,,,,,,,,,,
"MO2000","MO",2000,"Yes","No","No","Yes","Yes","Yes","Yes","Yes","501","No","No","No","No","Within fourteen days after the date of making an expenditure which by itself or when added to all other such expenditures during the same campaign equals five hundred dollars or more.  But, if IE is made within fourteen days of an election within 48 hrs.","No",,,,,,,,,,,,,,,
"MO2002","MO",2002,"Yes","No","No","Yes","Yes","Yes","Yes","Yes","501","No","No","No","No","Within fourteen days after the date of making an expenditure which by itself or when added to all other such expenditures during the same campaign equals five hundred dollars or more.  But, if IE is made within fourteen days of an election within 48 hrs.","No",,,,,,,,,,,,,,,
"MO2004","MO",2004,"Yes","No","No","Yes","Yes","Yes","Yes","Yes","501","No","No","No","No","Within fourteen days after the date of making an expenditure which by itself or when added to all other such expenditures during the same campaign equals five hundred dollars or more.  But, if IE is made within fourteen days of an election within 48 hrs.","No",,,,,,,,,,,,,,,
"MO2006","MO",2006,"Yes","No","No","Yes","Yes","Yes","Yes","Yes","501","No","No","No","No","Within fourteen days after the date of making an expenditure which by itself or when added to all other such expenditures during the same campaign equals five hundred dollars or more.  But, if IE is made within fourteen days of an election within 48 hrs.","No",,,,,,"MO",,,,,,,,,
"MO2008","MO",2008,"Yes","No","No","Yes","Yes","Yes","Yes","Yes","501","No","No","No","No","Within fourteen days after the date of making an expenditure which by itself or when added to all other such expenditures during the same campaign equals five hundred dollars or more.  But, if IE is made within fourteen days of an election within 48 hrs.","No",,,,,,,,,,,,,,,
"MO2010","MO",2010,"Yes","No","No","Yes","Yes","Yes","Yes","Yes","501","No","No","No","No","Within fourteen days after the date of making an expenditure which by itself or when added to all other such expenditures during the same campaign equals five hundred dollars or more.  But, if IE is made within fourteen days of an election within 48 hrs.","No",,,,,,,,,,,,,,,
"MO2012","MO",2012,"Yes","No","No","Yes","Yes","Yes","Yes","Yes","501","No","No","No","No","Within fourteen days after the date of making an expenditure which by itself or when added to all other such expenditures during the same campaign equals five hundred dollars or more.  But, if IE is made within fourteen days of an election within 48 hrs.","No",,,,,,,,,,,,,,,
"MO2014","MO",2014,"Yes","No","No","Yes","Yes","Yes","Yes","Yes","501","No","No","No","No","Within fourteen days after the date of making an expenditure which by itself or when added to all other such expenditures during the same campaign equals five hundred dollars or more.  But, if IE is made within fourteen days of an election within 48 hrs.","No",,,,,,"MO",,,,,,,,,
"MO2016","MO",2016,"Yes","No","No","Yes","Yes","Yes","Yes","Yes","501","No","No","No","No","Within fourteen days after the date of making an expenditure which by itself or when added to all other such expenditures during the same campaign equals five hundred dollars or more.  But, if IE is made within fourteen days of an election within 48 hrs.","No",,,,,,"MO",,,,,,,,,
"MS1996","MS",1996,"Yes","No","No","No","No","Yes","No","Yes","200","No","Yes","Yes","Yes","The statute seems to suggest annual reports but the actual requirements are unclear.","No",,,,,,,,,,,,,,,
"MS1998","MS",1998,"Yes","No","No","No","No","Yes","No","Yes","200","No","Yes","Yes","Yes","The statute seems to suggest annual reports but the actual requirements are unclear.","No",,,,,,"MS",,,,,,,,,
"MS2000","MS",2000,"Yes","No","No","No","No","Yes","No","Yes","200","No","Yes","Yes","Yes","The statute seems to suggest annual reports but the actual requirements are unclear.","No",,,,,,"MS",,,,,,,,,
"MS2002","MS",2002,"Yes","No","No","No","No","Yes","No","Yes","200","No","Yes","Yes","Yes","The statute seems to suggest annual reports but the actual requirements are unclear.","No",,,,,,"MS",,,,,,,,,
"MS2004","MS",2004,"Yes","No","No","No","No","Yes","No","Yes","200","No","Yes","Yes","Yes","The statute seems to suggest annual reports but the actual requirements are unclear.","No",,,,,,"MS",,,,,,,,,
"MS2006","MS",2006,"Yes","No","No","No","No","Yes","No","Yes","200","No","Yes","Yes","Yes","The statute seems to suggest annual reports but the actual requirements are unclear.","No",,,,,,"MS",,,,,,,,,
"MS2008","MS",2008,"Yes","No","No","No","No","Yes","No","Yes","200","No","Yes","Yes","Yes","The statute seems to suggest annual reports but the actual requirements are unclear.","No",,,,,,"MS",,,,,,,,,
"MS2010","MS",2010,"Yes","No","No","No","No","Yes","No","Yes","200","No","Yes","Yes","Yes","The statute seems to suggest annual reports but the actual requirements are unclear.","No",,,,,,"MS",,,,,,,,,
"MS2012","MS",2012,"Yes","No","No","No","No","Yes","No","Yes","200","No","Yes","Yes","Yes","The statute seems to suggest annual reports but the actual requirements are unclear.","No",,,,,,"MS",,,,,,,,,
"MS2014","MS",2014,"Yes","No","No","No","No","Yes","No","Yes","200","No","Yes","Yes","Yes","The statute seems to suggest annual reports but the actual requirements are unclear.","No",,,,,,"MS",,,,,,,,,
"MS2016","MS",2016,,,,,,,,,,,,,,,,,,,,,,,,,,,,,,
"MT1996","MT",1996,"No","No","No","No","No","No","No","No","N/A","No","No","No","No","N/A","Yes","Electioneering","No","No","No","No","No","No","No","Not specified",,"No","No","No","No","N/A"
"MT1998","MT",1998,"No","No","No","No","No","No","No","No","N/A","No","No","No","No","N/A","Yes","Electioneering","No","No","No","No","MT","No","No","Not specified",,"No","No","No","No","N/A"
"MT2000","MT",2000,"No","No","No","No","No","No","No","No","N/A","No","No","No","No","N/A","Yes","Electioneering","No","No","No","No","MT","No","No","Not specified",,"No","No","No","No","N/A"
"MT2002","MT",2002,"No","No","No","No","No","No","No","No","N/A","No","No","No","No","N/A","Yes","Electioneering","No","No","No","No","MT","No","No","Not specified",,"No","No","No","No","N/A"
"MT2004","MT",2004,"No","No","No","No","No","No","No","No","N/A","No","No","No","No","N/A","Yes","Electioneering","No","No","No","No","MT","No","No","Not specified",,"No","No","No","No","N/A"
"MT2006","MT",2006,"No","No","No","No","No","No","No","No","N/A","No","No","No","No","N/A","Yes","Electioneering","No","No","No","No","MT","No","No","Not specified",,"No","No","No","No","N/A"
"MT2008","MT",2008,"No","No","No","No","No","No","No","No","N/A","No","No","No","No","N/A","Yes","Electioneering","No","No","No","No","MT","No","No","Not specified",,"No","No","No","No","N/A"
"MT2010","MT",2010,"No","No","No","No","No","No","No","No","N/A","No","No","No","No","N/A","Yes","Electioneering","No","No","No","No","MT","No","No","Not specified",,"No","No","No","No","N/A"
"MT2012","MT",2012,"No","No","No","No","No","No","No","No","N/A","No","No","No","No","N/A","Yes","Electioneering","No","No","No","No","MT","No","No","Not specified",,"No","No","No","No","N/A"
"MT2014","MT",2014,"No","No","No","No","No","No","No","No","N/A","No","No","No","No","N/A","Yes","Electioneering","No","No","No","No","MT","No","No","Not specified",,"No","No","No","No","N/A"
"MT2016","MT",2016,,,,,,,,,,,,,,,,,,,,,,,,,,,,,,
"NC1996","NC",1996,"Yes","No","No","No","No","No","No","Yes","101","Yes","Yes","Yes","Yes","10 days","No",,,,,,,,,,,,,,,
"NC1998","NC",1998,"Yes","No","No","No","No","No","No","Yes","101","Yes","Yes","Yes","Yes","10 days","No",,,,,,,,,,,,,,,
"NC2000","NC",2000,"Yes","No","No","Yes","Yes","Yes","Yes","Yes","101","Yes","Yes","Yes","Yes","30 days after they exceed $100 or 10 days before an election the contributions or expenditures affect, whichever occurs earlier","No",,,,,,,,,,,,,,,
"NC2002","NC",2002,"Yes","No","No","Yes","Yes","Yes","Yes","Yes","101","Yes","Yes","Yes","Yes","30 days after they exceed $100 or 10 days before an election the contributions or expenditures affect, whichever occurs earlier","No",,,,,,,,,,,,,,,
"NC2004","NC",2004,"Yes","No","No","Yes","Yes","Yes","Yes","Yes","101","Yes","Yes","Yes","Yes","30 days after they exceed $100 or 10 days before an election the contributions or expenditures affect, whichever occurs earlier","No",,,,,,,,,,,,,,,
"NC2006","NC",2006,"Yes","No","No","Yes","Yes","Yes","Yes","Yes","101","Yes","Yes","Yes","Yes","30 days after they exceed $100 or 10 days before an election the contributions or expenditures affect, whichever occurs earlier","No",,,,,,,,,,,,,,,
"NC2008","NC",2008,"Yes","No","No","Yes","Yes","Yes","Yes","Yes","101","Yes","Yes","Yes","Yes","30 days after they exceed $100 or 10 days before an election the contributions or expenditures affect, whichever occurs earlier","No",,,,,,,,,,,,,,,
"NC2010","NC",2010,"Yes","No","No","Yes","Yes","Yes","Yes","Yes","101","Yes","Yes","Yes","Yes","30 days after they exceed $100 or 10 days before an election the contributions or expenditures affect, whichever occurs earlier","Yes","Electioneering","Yes","Yes","Yes","Yes","Yes","Yes","Yes","Yes","5001","Yes","No","Yes","Yes","Within 10 days; within 40 hours for expenses over $5,000 or donations over $1,000"
"NC2012","NC",2012,"Yes","No","No","Yes","Yes","Yes","Yes","Yes","101","Yes","Yes","Yes","Yes","30 days after they exceed $100 or 10 days before an election the contributions or expenditures affect, whichever occurs earlier","Yes","Electioneering","Yes","Yes","Yes","Yes","Yes","Yes","Yes","Yes","5001","Yes","No","Yes","Yes","Within 10 days; within 40 hours for expenses over $5,000 or donations over $1,000"
"NC2014","NC",2014,"Yes","No","No","Yes","Yes","Yes","Yes","Yes","101","Yes","Yes","Yes","Yes","30 days after they exceed $100 or 10 days before an election the contributions or expenditures affect, whichever occurs earlier","Yes","Electioneering","Yes","Yes","Yes","Yes","Yes","Yes","Yes","Yes","5001","Yes","No","Yes","Yes","Within 10 days; within 40 hours for expenses over $5,000 or donations over $1,000"
"NC2016","NC",2016,,,,,,,,,,,,,,,,,,,,,,,,,,,,,,
"ND1996","ND",1996,"Yes","No","No","Yes","Yes","Yes","Yes","No","0","Yes","No","Yes","No","12 days prior to election","No",,,,,,,,,,,,,,,
"ND1998","ND",1998,"Yes","No","No","Yes","Yes","Yes","Yes","Yes","101","Yes","No","Yes","No","12 days prior to election","No",,,,,,,,,,,,,,,
"ND2000","ND",2000,"Yes","No","No","Yes","Yes","Yes","Yes","Yes","101","Yes","No","Yes","No","12 days prior to election","No",,,,,,,,,,,,,,,
"ND2002","ND",2002,"Yes","No","No","Yes","Yes","Yes","Yes","Yes","201","Yes","No","Yes","No","12 days prior to election","No",,,,,,,,,,,,,,,
"ND2004","ND",2004,"Yes","No","No","Yes","Yes","Yes","Yes","Yes","201","Yes","No","Yes","No","12 days prior to election","No",,,,,,,,,,,,,,,
"ND2006","ND",2006,"Yes","No","No","Yes","Yes","Yes","Yes","Yes","201","Yes","No","Yes","No","12 days prior to election","No",,,,,,,,,,,,,,,
"ND2008","ND",2008,"Yes","No","No","Yes","Yes","Yes","Yes","Yes","201","Yes","No","Yes","No","12 days prior to election","No",,,,,,,,,,,,,,,
"ND2010","ND",2010,"Yes","No","No","Yes","Yes","Yes","Yes","Yes","201","Yes","No","Yes","No","12 days prior to election","No",,,,,,,,,,,,,,,
"ND2012","ND",2012,"Yes","No","No","Yes","Yes","Yes","Yes","Yes","201","Yes","No","Yes","No","12 days prior to election","No",,,,,,,,,,,,,,,
"ND2014","ND",2014,"Yes","No","No","Yes","Yes","Yes","Yes","Yes","201","Yes","No","Yes","No","Within 48 hours of making the expenditure or contribution.","No",,,,,,,,,,,,,,,
"ND2016","ND",2016,,,,,,,,,,,,,,,,,,,,,,,,,,,,,,
"NE1996","NE",1996,"Yes","No","No","No","No","Yes","Yes","Yes","101","No","No","No","No","10 days","No",,,,,,,,,,,,,,,
"NE1998","NE",1998,"Yes","Yes","Yes","Yes","Yes","Yes","Yes","Yes","2001","No","No","Yes","Yes","5 days","No",,,,,,,,,,,,,,,
"NE2000","NE",2000,"Yes","Yes","Yes","Yes","Yes","Yes","Yes","Yes","251","Yes","No","Yes","No","File within 10 days","No",,,,,,,,,"No",,,,,,
"NE2002","NE",2002,"Yes","Yes","Yes","Yes","Yes","Yes","Yes","Yes","251","Yes","No","Yes","No","File within 10 days","No",,,,,,,,,"No",,,,,,
"NE2004","NE",2004,"Yes","Yes","Yes","Yes","Yes","Yes","Yes","Yes","251","Yes","No","Yes","No","File within 10 days","No",,,,,,,,,"No",,,,,,
"NE2006","NE",2006,"Yes","Yes","Yes","Yes","Yes","Yes","Yes","Yes","251","Yes","No","Yes","No","File within 10 days","No",,,,,,,,,"No",,,,,,
"NE2008","NE",2008,"Yes","Yes","Yes","Yes","Yes","Yes","Yes","Yes","251","Yes","No","Yes","No","File within 10 days","No",,,,,,,,,"No",,,,,,
"NE2010","NE",2010,"Yes","Yes","Yes","Yes","Yes","Yes","Yes","Yes","251","Yes","No","Yes","No","File within 10 days","No",,,,,,,,,"No",,,,,,
"NE2012","NE",2012,"Yes","Yes","Yes","Yes","Yes","Yes","Yes","Yes","251","Yes","No","Yes","No","File within 10 days","No",,,,,,,,,"No",,,,,,
"NE2014","NE",2014,"Yes","Yes","Yes","Yes","Yes","Yes","Yes","Yes","251","Yes","No","Yes","No","File within 10 days","No",,,,,,,,,"No",,,,,,
"NE2016","NE",2016,,,,,,,,,,,,,,,,,,,,,,,,,,,,,,
"NH1996","NH",1996,"No","Yes","Yes","No","No","No","No","Yes","501","No","No","Yes","Yes","24 hours after $500 aggregate IE have been made","No",,,,,,,,,,,,,,,
"NH1998","NH",1998,"No","Yes","Yes","No","No","No","No","Yes","501","No","No","Yes","Yes","24 hours after $500 aggregate IE have been made; and each additional $500.","No",,,,,,,,,,,,,,,
"NH2000","NH",2000,"No","Yes","Yes","No","No","No","No","Yes","501","No","No","Yes","Yes","24 hours after $500 aggregate IE have been made; and each additional $500.","No",,,,,,"NH",,,,,,,,,
"NH2002","NH",2002,"No","Yes","Yes","No","No","No","No","Yes","501","No","No","Yes","Yes","24 hours after $500 aggregate IE have been made; and each additional $500.","No",,,,,,"NH",,,,,,,,,
"NH2004","NH",2004,"No","Yes","Yes","No","No","No","No","Yes","501","No","No","Yes","Yes","24 hours after $500 aggregate IE have been made; and each additional $500.","No",,,,,,"NH",,,,,,,,,
"NH2006","NH",2006,"No","Yes","Yes","No","No","No","No","Yes","501","No","No","Yes","Yes","24 hours after $500 aggregate IE have been made; and each additional $500.","No",,,,,,"NH",,,,,,,,,
"NH2008","NH",2008,"No","Yes","Yes","No","No","No","No","Yes","501","No","No","Yes","Yes","24 hours after $500 aggregate IE have been made; and each additional $500.","No",,,,,,"NH",,,,,,,,,
"NH2010","NH",2010,"No","Yes","Yes","No","No","No","No","Yes","501","No","No","Yes","Yes","24 hours after $500 aggregate IE have been made; and each additional $500.","No",,,,,,"NH",,,,,,,,,
"NH2012","NH",2012,"No","Yes","Yes","No","No","No","No","Yes","501","No","No","Yes","Yes","24 hours after $500 aggregate IE have been made; and each additional $500.","No",,,,,,"NH",,,,,,,,,
"NH2014","NH",2014,"No","Yes","Yes","No","No","No","No","Yes","501","No","No","Yes","Yes","24 hours after $500 aggregate IE have been made; and each additional $500.","No",,,,,,"NH",,,,,,,,,
"NH2016","NH",2016,,,,,,,,,,,,,,,,,,,,,,,,,,,,,,
"NJ1996","NJ",1996,"Yes","Yes","Yes","Yes","Yes","Yes","Yes","Yes","501","No","No","No","No","Within 48 Hours of making or incurring the expenditure","No",,"No","No","No","No","No","No","No","No",,"No","No","No","No",
"NJ1998","NJ",1998,"Yes","Yes","Yes","Yes","Yes","Yes","Yes","Yes","601","No","No","No","No","Within 48 Hours of making or incurring the expenditure","No",,"No","No","No","No","No","No","No","No",,"No","No","No","No",
"NJ2000","NJ",2000,"Yes","Yes","Yes","Yes","Yes","Yes","Yes","Yes","601","No","No","No","No","Within 48 Hours of making or incurring the expenditure","No",,"No","No","No","No","No","No","No","No",,"No","No","No","No",
"NJ2002","NJ",2002,"Yes","Yes","Yes","Yes","Yes","Yes","Yes","Yes","801","No","No","No","No","Within 48 Hours of making or incurring the expenditure","No",,"No","No","No","No","No","No","No","No",,"No","No","No","No",
"NJ2004","NJ",2004,"Yes","Yes","Yes","Yes","Yes","Yes","Yes","Yes","801","No","No","No","No","Within 48 Hours of making or incurring the expenditure","No",,"No","No","No","No","No","No","No","No",,"No","No","No","No",
"NJ2006","NJ",2006,"Yes","Yes","Yes","Yes","Yes","Yes","Yes","Yes","1001","No","No","No","No","Within 48 Hours of making or incurring the expenditure","No",,"No","No","No","No","No","No","No","No",,"No","No","No","No",
"NJ2008","NJ",2008,"Yes","Yes","Yes","Yes","Yes","Yes","Yes","Yes","1001","No","No","No","No","Within 48 Hours of making or incurring the expenditure","No",,"No","No","No","No","No","No","No","No",,"No","No","No","No",
"NJ2010","NJ",2010,"Yes","Yes","Yes","Yes","Yes","Yes","Yes","Yes","1201","No","No","No","No","Within 48 Hours of making or incurring the expenditure","No",,"No","No","No","No","No","No","No","No",,"No","No","No","No",
"NJ2012","NJ",2012,"Yes","Yes","Yes","Yes","Yes","Yes","Yes","Yes","1201","No","No","No","No","Within 48 Hours of making or incurring the expenditure","No",,"No","No","No","No","No","No","No","No",,"No","No","No","No",
"NJ2014","NJ",2014,"Yes","Yes","Yes","Yes","Yes","Yes","Yes","Yes","501","No","No","No","No","Within 48 Hours of making or incurring the expenditure","No",,"No","No","No","No","No","No","No","No",,"No","No","No","No",
"NJ2016","NJ",2016,,,,,,,,,,,,,,,,,,,,,,,,,,,,,,
"NM2016","NM",2016,,,,,,,,,,,,,,,,,,,,,,,,,,,,,,
"NV1996","NV",1996,"Yes","No","Yes","Yes","Yes","Yes","Yes","Yes","501","No","Yes","No","No","There are set reporting periods.","No",,,,,,,,,,,,,,,
"NV1998","NV",1998,"Yes","Yes","Yes","Yes","Yes","Yes","Yes","Yes","501","No","Yes","No","No","There are set reporting periods.","No",,,,,,,,,,,,,,,
"NV2000","NV",2000,"Yes","Yes","Yes","Yes","Yes","Yes","Yes","Yes","101","No","Yes","No","No","There are set reporting periods.","No",,,,,,,,,,,,,,,
"NV2002","NV",2002,"Yes","Yes","Yes","Yes","Yes","Yes","Yes","Yes","101","No","Yes","No","No","There are set reporting periods.","No",,,,,,,,,,,,,,,
"NV2004","NV",2004,"Yes","Yes","Yes","Yes","Yes","Yes","Yes","Yes","101","No","Yes","No","No","There are set reporting periods.","No",,,,,,,,,,,,,,,
"NV2006","NV",2006,"Yes","Yes","Yes","Yes","Yes","Yes","Yes","Yes","101","No","Yes","No","No","There are set reporting periods.","No",,,,,,,,,,,,,,,
"NV2008","NV",2008,"Yes","Yes","Yes","Yes","Yes","Yes","Yes","Yes","101","No","Yes","No","No","There are set reporting periods.","No",,,,,,,,,,,,,,,
"NV2010","NV",2010,"Yes","Yes","Yes","Yes","Yes","Yes","Yes","Yes","101","No","Yes","No","No","There are set reporting periods.","No",,,,,,,,,,,,,,,
"NV2012","NV",2012,"Yes","Yes","Yes","Yes","Yes","Yes","Yes","Yes","101","No","Yes","No","No","There are set reporting periods.","No",,,,,,,,,,,,,,,
"NV2014","NV",2014,"Yes","Yes","Yes","Yes","Yes","Yes","Yes","Yes","1001","No","Yes","No","No","There are set reporting periods.","No",,,,,,,,,,,,,,,
"NV2016","NV",2016,,,,,,,,,,,,,,,,,,,,,,,,,,,,,,
"NY1996","NY",1996,"No","No","No","No","No","No","No","No","0","No","No","No","No","NA","No",,,,,,,,,,,,,,,
"NY1998","NY",1998,"No","No","No","No","No","No","No","No","0","No","No","No","No","NA","No",,,,,,,,,,,,,,,
"NY2000","NY",2000,"No","No","No","No","No","No","No","No","0","No","No","No","No","NA","No",,,,,,,,,,,,,,,
"NY2002","NY",2002,"No","No","No","No","No","No","No","No","0","No","No","No","No","NA","No",,,,,,,,,,,,,,,
"NY2004","NY",2004,"No","No","No","No","No","No","No","No","0","No","No","No","No","NA","No",,,,,,,,,,,,,,,
"NY2006","NY",2006,"No","No","No","No","No","No","No","No","0","No","No","No","No","NA","No",,,,,,,,,,,,,,,
"NY2008","NY",2008,"No","No","No","No","No","No","No","No","0","No","No","No","No","NA","No",,,,,,,,,,,,,,,
"NY2010","NY",2010,"No","No","No","No","No","No","No","No","0","No","No","No","No","NA","No",,,,,,,,,,,,,,,
"NY2012","NY",2012,"No","No","No","No","No","No","No","No","0","No","No","No","No","NA","No",,,,,,,,,,,,,,,
"NY2014","NY",2014,"Yes","No","Yes","Yes","Yes","Yes","Yes","Yes","1000","Yes",,"Yes","No","Must file as and follow rules for PAC's as well. File reports weekly on Fridays up to 30 days before an election (then 24 hours). No requirement for availability","No",,,,,,,,,,,,,,,
"NY2016","NY",2016,,,,,,,,,,,,,,,,,,,,,,,,,,,,,,
"OH1996","OH",1996,"Yes","Yes","Yes","Yes","Yes","No","Yes","Yes","500","Yes","No","Yes","Yes","normal report deadlines","No",,,,,,,,,,,,,,,
"OH1998","OH",1998,"Yes","Yes","Yes","Yes","Yes","No","Yes","Yes","500","Yes","No","Yes","Yes","normal report deadlines","No",,,,,,"OH",,,,,,,,,
"OH2000","OH",2000,"Yes","Yes","Yes","Yes","Yes","No","Yes","Yes","500","Yes","No","Yes","Yes","normal report deadlines","No",,,,,,"OH",,,,,,,,,
"OH2002","OH",2002,"Yes","Yes","Yes","Yes","Yes","No","Yes","Yes","500","Yes","No","Yes","Yes","normal report deadlines","No",,,,,,"OH",,,,,,,,,
"OH2004","OH",2004,"Yes","Yes","Yes","Yes","Yes","No","Yes","Yes","500","Yes","No","Yes","Yes","normal report deadlines","No",,,,,,"OH",,,,,,,,,
"OH2006","OH",2006,"Yes","Yes","Yes","No","Yes","No","Yes","Yes","500","Yes","No","Yes","Yes","normal report deadlines","Yes","Electioneering","Yes","Yes","Yes","Yes","Yes","Yes","Yes","No","10000","Yes","Yes","No","No","24 hours"
"OH2008","OH",2008,"Yes","Yes","Yes","No","Yes","No","Yes","Yes","500","Yes","No","Yes","Yes","normal report deadlines","Yes","Electioneering","Yes","Yes","Yes","Yes","Yes","Yes","Yes","No","10000","Yes","Yes","No","No","24 hours"
"OH2010","OH",2010,"Yes","Yes","Yes","No","Yes","No","Yes","Yes","500","Yes","No","Yes","Yes","normal report deadlines","Yes","Electioneering","Yes","Yes","Yes","Yes","Yes","Yes","Yes","No","10000","Yes","Yes","No","No","24 hours"
"OH2012","OH",2012,"Yes","Yes","Yes","No","Yes","No","Yes","Yes","500","Yes","No","Yes","Yes","normal report deadlines","Yes","Electioneering","Yes","Yes","Yes","Yes","Yes","Yes","Yes","No","10000","Yes","Yes","No","No","24 hours"
"OH2014","OH",2014,"Yes","Yes","Yes","No","Yes","No","Yes","Yes","500","Yes","No","Yes","Yes","normal report deadlines","Yes","Electioneering","Yes","Yes","Yes","Yes","Yes","Yes","Yes","No","10000","Yes","Yes","No","No","24 hours"
"OH216","OH",2016,,,,,,,,,,,,,,,,,,,,,,,,,,,,,,
"OK1996","OK",1996,"Yes","No","No","Yes","Yes","Yes","Yes","Yes","500","No","No","No","No","24 hours","No",,,,,,,,,,,,,,,
"OK1998","OK",1998,"Yes","No","No","Yes","Yes","Yes","Yes","Yes","500","No","No","No","No","24 hours","No",,,,,,,,,,,,,,,
"OK2000","OK",2000,"Yes","No","No","Yes","Yes","Yes","Yes","Yes","500","No","No","No","No","24 hours","No",,,,,,,,,,,,,,,
"OK2002","OK",2002,"Yes","No","No","Yes","Yes","Yes","Yes","Yes","500","No","No","No","No","24 hours","No",,,,,,,,,,,,,,,
"OK2004","OK",2004,"Yes","No","No","Yes","Yes","Yes","Yes","Yes","500","No","No","No","No","24 hours","No",,,,,,,,,,,,,,,
"OK2006","OK",2006,"Yes","No","No","Yes","Yes","Yes","Yes","Yes","500","No","No","No","No","24 hours","No",,,,,,,,,,,,,,,
"OK2008","OK",2008,"Yes","No","No","Yes","Yes","Yes","Yes","Yes","500","No","No","No","No","24 hours","No",,,,,,,,,,,,,,,
"OK2010","OK",2010,"Yes","No","No","Yes","Yes","Yes","Yes","Yes","500","No","No","No","No","24 hours","No",,,,,,,,,,,,,,,
"OK2012","OK",2012,"Yes","No","No","Yes","Yes","Yes","Yes","Yes","500","No","No","No","No","24 hours","No",,,,,,,,,,,,,,,
"OK2014","OK",2014,"Yes","No","No","Yes","Yes","Yes","Yes","Yes","500","No","No","No","No","24 hours","No",,,,,,,,,,,,,,,
"OK2016","OK",2016,,,,,,,,,,,,,,,,,,,,,,,,,,,,,,
"OR1996","OR",1996,"Yes","Yes","Yes","Yes","Yes","Yes","Yes","Yes","101","No","No","No","No","File within the period the threshold is reached (pre-election, supplemental, etc)","No",,,,,,,,,,,,,,,
"OR1998","OR",1998,"Yes","Yes","Yes","Yes","Yes","Yes","Yes","Yes","101","No","No","No","No","File within the period the threshold is reached (pre-election, supplemental, etc)","No",,,,,,,,,,,,,,,
"OR2000","OR",2000,"Yes","Yes","Yes","Yes","Yes","Yes","Yes","Yes","51","No","No","No","Yes","File within the period the threshold is reached (pre-election, supplemental, etc)","No",,,,,,,,,,,,,,,
"OR2002","OR",2002,"Yes","Yes","Yes","Yes","Yes","Yes","Yes","Yes","51","No","No","No","Yes","File within the period the threshold is reached (pre-election, supplemental, etc)","No",,,,,,,,,,,,,,,
"OR2004","OR",2004,"Yes","Yes","Yes","Yes","Yes","Yes","Yes","Yes","51","No","No","No","Yes","File within the period the threshold is reached (pre-election, supplemental, etc)","No",,,,,,,,,,,,,,,
"OR2006","OR",2006,"Yes","Yes","Yes","Yes","Yes","Yes","Yes","Yes","101","No","No","No","Yes","File within the period the threshold is reached (pre-election, supplemental, etc)","No",,,,,,,,,,,,,,,
"OR2008","OR",2008,"Yes","Yes","Yes","Yes","Yes","Yes","Yes","Yes","101","No","No","No","Yes","7 business days to file","No",,,,,,,,,,,,,,,
"OR2010","OR",2010,"Yes","Yes","Yes","Yes","Yes","Yes","Yes","Yes","101","No","No","No","Yes","7 business days to file","No",,,,,,,,,,,,,,,
"OR2012","OR",2012,"Yes","Yes","Yes","Yes","Yes","Yes","Yes","Yes","750","No","No","No","Yes","7 business days to file","No",,,,,,,,,,,,,,,
"OR2014","OR",2014,"Yes","Yes","Yes","Yes","Yes","Yes","Yes","Yes","750","No","No","No","Yes","7 business days to file- accessible electronically starting in 2014","No",,,,,,,,,,,,,,,
"OR2016","OR",2016,,,,,,,,,,,,,,,,,,,,,,,,,,,,,,
"PA1996","PA",1996,"Yes","No","No","No","No","Yes","Yes","Yes","101","Yes","No","Yes","Yes","The reporting deadlines are the same as the candidate/committee deadlines.","No",,,,,,,,,,,,,,,
"PA1998","PA",1998,"Yes","No","No","No","No","Yes","Yes","Yes","101","Yes","No","Yes","Yes","The reporting deadlines are the same as the candidate/committee deadlines.","No",,,,,,,,,,,,,,,
"PA2000","PA",2000,"Yes","Yes","Yes","No","No","Yes","Yes","Yes","101","Yes","No","Yes","Yes","The reporting deadlines are the same as the candidate/committee deadlines.","No",,,,,,,,,,,,,,,
"PA2002","PA",2002,"Yes","Yes","Yes","No","No","Yes","Yes","Yes","101","Yes","No","Yes","Yes","The reporting deadlines are the same as the candidate/committee deadlines.","No",,,,,,,,,,,,,,,
"PA2004","PA",2004,"Yes","Yes","Yes","No","No","Yes","Yes","Yes","101","Yes","No","Yes","Yes","The reporting deadlines are the same as the candidate/committee deadlines.","No",,,,,,,,,,,,,,,
"PA2006","PA",2006,"Yes","Yes","Yes","No","No","Yes","Yes","Yes","101","Yes","No","Yes","Yes","The reporting deadlines are the same as the candidate/committee deadlines.","No",,,,,,,,,,,,,,,
"PA2008","PA",2008,"Yes","Yes","Yes","No","No","Yes","Yes","Yes","101","Yes","No","Yes","Yes","The reporting deadlines are the same as the candidate/committee deadlines.","No",,,,,,,,,,,,,,,
"PA2010","PA",2010,"Yes","Yes","Yes","No","No","Yes","Yes","Yes","101","Yes","No","Yes","Yes","The reporting deadlines are the same as the candidate/committee deadlines.","No",,,,,,,,,,,,,,,
"PA2012","PA",2012,"Yes","Yes","Yes","No","No","Yes","Yes","Yes","101","Yes","No","Yes","Yes","The reporting deadlines are the same as the candidate/committee deadlines.","No",,,,,,,,,,,,,,,
"PA2014","PA",2014,"Yes","Yes","Yes","No","No","Yes","Yes","Yes","101","Yes","No","Yes","Yes","The reporting deadlines are the same as the candidate/committee deadlines.","No",,,,,,,,,,,,,,,
"PA2016","PA",2016,"Yes","Yes","Yes","No","No","Yes","Yes","Yes","101","Yes","No","Yes","Yes","The reporting deadlines are the same as the candidate/committee deadlines.","No",,,,,,,,,,,,,,,
"RI2016","RI",2016,,,,,,,,,,,,,,,,,,,,,,,,,,,,,,
"SC1998","SC",1998,"No","Yes","Yes","Yes","Yes","Yes","Yes","Yes","10000","No","No","No","No","Immediately/ NA","No",,,,,,,,,,,,,,,
"SC2000","SC",2000,"No","Yes","Yes","Yes","Yes","Yes","Yes","Yes","10000","No","No","No","No","Immediately/ NA","No",,,,,,,,,,,,,,,
"SC2002","SC",2002,"No","Yes","Yes","Yes","Yes","Yes","Yes","Yes","10000","No","No","No","No","Immediately/ NA","No",,,,,,,,,,,,,,,
"SC2004","SC",2004,"No","Yes","Yes","Yes","Yes","Yes","Yes","Yes","10000","No","No","No","No","Immediately/ NA","No",,,,,,,,,,,,,,,
"SC2006","SC",2006,"Yes","Yes","Yes","Yes","Yes","Yes","Yes","Yes","500","No","No","No","No","Immediately/ NA","No",,,,,,,,,,,,,,,
"SC2008","SC",2008,"Yes","Yes","Yes","Yes","Yes","Yes","Yes","Yes","500","No","No","No","No","Immediately/ NA","No",,,,,,,,,,,,,,,
"SC2010","SC",2010,"Yes","Yes","Yes","Yes","Yes","Yes","Yes","Yes","500","No","No","No","No","Immediately/ NA","No",,,,,,,,,,,,,,,
"SC2012","SC",2012,"Yes","Yes","Yes","Yes","Yes","Yes","Yes","Yes","500","No","No","No","No","Immediately/ NA","No",,,,,,,,,,,,,,,
"SC2014","SC",2014,"Yes","Yes","Yes","Yes","Yes","Yes","Yes","Yes","500","No","No","No","No","Immediately/ NA","No",,,,,,,,,,,,,,,
"SC2016","SC",2016,,,,,,,,,,,,,,,,,,,,,,,,,,,,,,
"SD1996","SD",1996,"No","No","No","No","No","No","No","No","0","No","No","No","No",,"No",,,,,,,,,,,,,,,
"SD1998","SD",1998,"No","No","No","No","No","No","No","No","0","No","No","No","No",,"No",,,,,,,,,,,,,,,
"SD2000","SD",2000,"No","No","No","No","No","No","No","No","0","No","No","No","No",,"No",,,,,,,,,,,,,,,
"SD2002","SD",2002,"No","No","No","No","No","No","No","No","0","No","No","No","No",,"No",,,,,,,,,,,,,,,
"SD2004","SD",2004,"No","No","No","No","No","No","No","No","0","No","No","No","No",,"No",,,,,,,,,,,,,,,
"SD2006","SD",2006,"No","No","No","No","No","No","No","No","0","No","No","No","No",,"No",,,,,,,,,,,,,,,
"SD2008","SD",2008,"Yes","No","No","No","No","No","Yes","Yes","1000","Yes","Yes","Yes","Yes","Within 48 hours of communication. SDCL 12-27-16 (2008); Sess. Laws. Ch. 80, s. 16 (2007).","Yes","A communication that clearly identifies a candidate or public office holder, but does not expressly advocate the election or defeat of the candidate. SDCL 12-27-17 (2008); Sess. Laws. Ch. 80, s. 16 (2007)","Yes","Yes","Yes","Yes","Yes","Yes","Yes","Yes","1000","Yes","Yes","Yes","No","Within 48 hours of communication"
"SD2010","SD",2010,"Yes","No","No","Yes","Yes","Yes","Yes","Yes","2001","Yes","Yes","Yes","Yes","Within 48 hours of communication. SDCL 12-27-16 (2008); Sess. Laws. Ch. 80, s. 16 (2007).","Yes","A communication that clearly identifies a candidate or public office holder, but does not expressly advocate the election or defeat of the candidate. SDCL 12-27-17 (2008); Sess. Laws. Ch. 80, s. 16 (2007)","No","Yes","Yes","No","No","No","No","Yes","1000","Yes","Yes","Yes","No","Within 48 hours of communication"
"SD2012","SD",2012,"Yes","No","No","Yes","Yes","Yes","Yes","Yes","2001","Yes","Yes","Yes","Yes","Within 48 hours of communication. SDCL 12-27-16 (2008); Sess. Laws. Ch. 80, s. 16 (2007).","Yes","A communication that clearly identifies a candidate or public office holder, but does not expressly advocate the election or defeat of the candidate. SDCL 12-27-17 (2008); Sess. Laws. Ch. 80, s. 16 (2007)","No","Yes","Yes","No","No","No","No","Yes","1000","Yes","Yes","Yes","No","Within 48 hours of communication"
"SD2014","SD",2014,"Yes","No","No","Yes","Yes","Yes","Yes","Yes","100","Yes","Yes","Yes","Yes","Within 48 hours of communication. SDCL 12-27-16 (2008); Sess. Laws. Ch. 80, s. 16 (2007).","Yes","A communication that clearly identifies a candidate or public office holder, but does not expressly advocate the election or defeat of the candidate. SDCL 12-27-17 (2008); Sess. Laws. Ch. 80, s. 16 (2007)","Yes","Yes","Yes","Yes","Yes","Yes","Yes","Yes","100","Yes","Yes","Yes","No","Within 48 hours of communication. SDCL 12-27-1 (2013)."
"SD2016","SD",2016,,,,,,,,,,,,,,,,,,,,,,,,,,,,,,
"TN1996","TN",1996,"No","No","No","No","No","No","No","No","0","No","No","No","No","N/A","No",,,,,,,,,,,,,,,
"TN1998","TN",1998,"No","No","No","No","No","No","No","No","0","No","No","No","No","N/A","No",,,,,,,,,,,,,,,
"TN2000","TN",2000,"No","No","No","No","No","No","No","No","0","No","No","No","No","N/A","No",,,,,,,,,,,,,,,
"TN2002","TN",2002,"No","No","No","No","No","No","No","No","0","No","No","No","No","N/A","No",,,,,,,,,,,,,,,
"TN2004","TN",2004,"No","No","No","No","No","No","No","No","0","No","No","No","No","N/A","No",,,,,,,,,,,,,,,
"TN2006","TN",2006,"No","No","No","No","No","No","No","No","0","No","No","No","No","N/A","No",,,,,,,,,,,,,,,
"TN2008","TN",2008,"No","No","No","No","No","No","No","No","0","No","No","No","No","N/A","No",,,,,,,,,,,,,,,
"TN2010","TN",2010,"No","No","No","Yes","No","Yes","Yes","No","0","No","No","No","No","N/A","No",,,,,,,,,,,,,,,
"TN2012","TN",2012,"No","No","No","Yes","No","Yes","Yes","Yes","250","No","No","No","No","N/A","No",,,,,,,,,,,,,,,
"TN2014","TN",2014,"No","No","No","Yes","No","Yes","Yes","Yes","250","No","No","No","No","N/A","No",,,,,,,,,,,,,,,
"TN2016","TN",2016,"No",,,,,,,"No","0",,,,,,,,,,,,,,,,,,,,,
"TX1996","TX",1996,"No","No","No","No","No","No","No","No","0","No","No","No","No",,"Yes",,,,,,,,,,,,,,,
"TX1998","TX",1998,"No","No","No","No","No","No","No","No","0","No","No","No","No",,"Yes",,,,,,"TX",,,,,,,,,
"TX2000","TX",2000,"No","No","No","No","No","No","No","No","0","No","No","No","No",,"Yes",,,,,,"TX",,,,,,,,,
"TX2002","TX",2002,"No","No","No","No","No","No","No","No","0","No","No","No","No",,"Yes",,,,,,"TX",,,,,,,,,
"TX2004","TX",2004,"No","No","No","No","No","No","No","No","0","No","No","No","No",,"Yes",,,,,,"TX",,,,,,,,,
"TX2006","TX",2006,"No","No","No","No","No","No","No","No","0","No","No","No","No",,"Yes",,,,,,"TX",,,,,,,,,
"TX2008","TX",2008,"No","No","No","No","No","No","No","No","0","No","No","No","No",,"Yes",,,,,,"TX",,,,,,,,,
"TX2010","TX",2010,"No","No","No","No","No","No","No","No","0","No","No","No","No",,"Yes",,,,,,"TX",,,,,,,,,
"TX2012","TX",2012,"No","No","No","No","No","No","No","No","0","No","No","No","No",,"Yes",,,,,,"TX",,,,,,,,,
"TX2014","TX",2014,"No","No","No","No","No","No","No","No","0","No","No","No","No",,"Yes",,,,,,"TX",,,,,,,,,
"TX2016","TX",2016,,,,,,,,,,,,,,,,,,,,,,,,,,,,,,
"UT2012","UT",2012,"No","No","No","No","No","No","No","No","0","No","No","No","No",,"No",,,,,,,,,,,,,,,
"UT2014","UT",2014,"Yes","No","Yes","Yes","Yes","Yes","Yes","Yes","1001","No","Yes","Yes","Yes","Within 30 dYA.","No",,,,,,,,,,,,,,,
"UT2016","UT",2016,,,,,,,,,,,,,,,,,,,,,,,,,,,,,,
"VA1996","VA",1996,"Yes","No","No","Yes","Yes","Yes","Yes","Yes","201","No","No","No","No","Usual election reporting dates apply. Code of Virginia 24.2-910(B) (1996).","No",,,,,,,,,,,,,,,
"VA1998","VA",1998,"Yes","No","No","Yes","Yes","Yes","Yes","Yes","201","No","No","No","No","Usual election reporting dates apply. Code of Virginia 24.2-910(B) (1996).","No",,,,,,,,,,,,,,,
"VA2000","VA",2000,"Yes","No","No","Yes","Yes","Yes","Yes","Yes","201","No","No","No","No","Usual election reporting dates apply. Code of Virginia 24.2-910(B) (1996).","No",,,,,,,,,,,,,,,
"VA2002","VA",2002,"Yes","No","No","Yes","Yes","Yes","Yes","Yes","201","No","No","No","No","Usual election reporting dates apply. Code of Virginia 24.2-910(B) (1996).","No",,,,,,,,,,,,,,,
"VA2004","VA",2004,"Yes","No","No","Yes","Yes","Yes","Yes","Yes","201","No","No","No","No","Usual election reporting dates apply. Code of Virginia 24.2-910(B) (1996).","No",,,,,,,,,,,,,,,
"VA2006","VA",2006,"Yes","No","No","Yes","Yes","Yes","Yes","Yes","1000","No","Yes","No","No","Usual election reporting dates apply. Code of Virginia 24.2-946.1 (2006).","No",,,,,,,,,,,,,,,
"VA2008","VA",2008,"Yes","Yes","No","Yes","Yes","Yes","Yes","Yes","1000","No","Yes","No","No","Within 24 hours of expenditure or broadcast. Code of Virginia 24.2-945.2 (2007), Sess. Laws, ch. 331 (2007).","No",,,,,,,,,,,,,,,
"VA2010","VA",2010,"Yes","Yes","Yes","Yes","Yes","Yes","Yes","Yes","10000","No","Yes","No","No","Within 24 hours of expenditure or 24 hours of broadcast or publication. Code of VA 24.2-945.2 (2007), Sess. Laws ch. 331 (2007).","No",,,,,,,,,,,,,,,
"VA2012","VA",2012,"Yes","Yes","Yes","Yes","Yes","Yes","Yes","Yes","10000","No","Yes","No","Yes","Within 24 hours of expenditure or 24 hours of broadcast or publication. Code of VA 24.2-945.2 (2007), Sess. Laws ch. 331 (2007).","No",,,,,,,,,,,,,,,
"VA2014","VA",2014,"Yes","Yes","Yes","Yes","Yes","Yes","Yes","Yes","10000","No","Yes","No","No","Within 24 hours of expenditure or 24 hours of broadcast or publication. Code of VA 24.2-945.2 (2007), Sess. Laws ch. 331 (2007).","No",,,,,,,,,,,,,,,
"VT2016","VT",2016,,,,,,,,,,,,,,,,,,,,,,,,,,,,,,
"WA1996","WA",1996,"Yes","No","Yes","Yes","Yes","Yes","Yes","Yes","100","Yes","No","Yes","Yes","within 5 days","No",,,,,,,,,,,,,,,
"WA1998","WA",1998,"Yes","Yes","Yes","Yes","Yes","Yes","Yes","Yes","100","Yes","No","Yes","Yes","within 5 days","No",,,,,,,,,,,,,,,
"WA2000","WA",2000,"Yes","Yes","Yes","Yes","Yes","Yes","Yes","Yes","100","Yes","No","Yes","Yes","within 5 days","No",,,,,,,,,,,,,,,
"WA2002","WA",2002,"Yes","Yes","Yes","Yes","Yes","Yes","Yes","Yes","100","Yes","No","Yes","Yes","within 5 days","No",,,,,,,,,,,,,,,
"WA2004","WA",2004,"Yes","Yes","Yes","Yes","Yes","Yes","Yes","Yes","100","Yes","No","Yes","Yes","within 5 days","No",,,,,,,,,,,,,,,
"WA2006","WA",2006,"Yes","Yes","Yes","Yes","Yes","Yes","Yes","Yes","100","Yes","No","Yes","Yes","within 5 days","Yes","Electioneering Communication","Yes","No","Yes","Yes","Yes","Yes","Yes","Yes","5000","No","No","Yes","Yes","a report must be filed within 24 hours and will be avaialble online within 2 days."
"WA2008","WA",2008,"Yes","Yes","Yes","Yes","Yes","Yes","Yes","Yes","100","Yes","No","Yes","Yes","within 5 days","Yes","Electioneering Communication","Yes","No","Yes","Yes","Yes","Yes","Yes","Yes","5000","No","No","Yes","Yes","a report must be filed within 24 hours and will be avaialble online within 2 days."
"WA2010","WA",2010,"Yes","Yes","Yes","Yes","Yes","Yes","Yes","Yes","100","Yes","No","Yes","Yes","within 5 days","Yes","Electioneering Communication","Yes","No","Yes","Yes","Yes","Yes","Yes","Yes","5000","No","Yes","Yes","Yes","a report must be filed within 24 hours and will be avaialble online within 2 days."
"WA2012","WA",2012,"Yes","Yes","Yes","Yes","Yes","Yes","Yes","Yes","100","Yes","No","Yes","Yes","within 5 days","Yes","Electioneering Communication","Yes","No","Yes","Yes","Yes","Yes","Yes","Yes","1000","No","Yes","Yes","Yes","a report must be filed within 24 hours and will be avaialble online within 2 days."
"WA2014","WA",2014,"Yes","Yes","Yes","Yes","Yes","Yes","Yes","Yes","100","Yes","No","Yes","Yes","within 5 days","Yes","Electioneering Communication","Yes","No","Yes","Yes","Yes","Yes","Yes","Yes","101","No","Yes","Yes","Yes","a report must be filed within 24 hours and will be avaialble online within 2 days."
"WA2016","WA",2016,,,,,,,,,,,,,,,,,,,,,,,,,,,,,,
"WI1996","WI",1996,"Yes","Yes","Yes","No","No","Yes","Yes","Yes","1001","No","No","Yes","Yes","Oath related to Indenendent Disbursements must be filed prior to initial expenditures made, but Independent Expenditures themseleves are reported on a separate schedule on regularly scheduled reports.","No",,,,,,,,,,,,,,,
"WI1998","WI",1998,"Yes","Yes","Yes","No","No","Yes","Yes","Yes","1001","No","No","Yes","Yes","Oath related to Indenendent Disbursements must be filed prior to initial expenditures made, but Independent Expenditures themseleves are reported on a separate schedule on regularly scheduled reports.","No",,,,,,,,,,,,,,,
"WI2000","WI",2000,"Yes","Yes","Yes","No","No","Yes","Yes","Yes","1001","No","No","Yes","Yes","Oath related to Indenendent Disbursements must be filed prior to initial expenditures made, but Independent Expenditures themseleves are reported on a separate schedule on regularly scheduled reports.","No",,,,,,,,,,,,,,,
"WI2002","WI",2002,"Yes","Yes","Yes","No","No","Yes","Yes","Yes","1001","No","No","Yes","Yes","Oath related to Indenendent Disbursements must be filed prior to initial expenditures made, but Independent Expenditures themseleves are reported on a separate schedule on regularly scheduled reports.","No",,,,,,,,,,,,,,,
"WI2004","WI",2004,"Yes","Yes","Yes","No","No","Yes","Yes","Yes","251","No","No","Yes","Yes","Oath related to Indenendent Disbursements must be filed prior to initial expenditures made, but Independent Expenditures themseleves are reported on a separate schedule on regularly scheduled reports.","No",,,,,,,,,,,,,,,
"WI2006","WI",2006,"Yes","Yes","Yes","No","No","Yes","Yes","Yes","251","No","No","Yes","Yes","Oath related to Indenendent Disbursements must be filed prior to initial expenditures made, but Independent Expenditures themseleves are reported on a separate schedule on regularly scheduled reports.","No",,,,,,,,,,,,,,,
"WI2008","WI",2008,"Yes","Yes","Yes","No","No","Yes","Yes","Yes","251","No","No","Yes","Yes","Oath related to Indenendent Disbursements must be filed prior to initial expenditures made, but Independent Expenditures themseleves are reported on a separate schedule on regularly scheduled reports.","No",,,,,,,,,,,,,,,
"WI2010","WI",2010,"Yes","Yes","Yes","No","No","Yes","Yes","Yes","251","No","No","Yes","Yes","Oath related to Indenendent Disbursements must be filed prior to initial expenditures made, but Independent Expenditures themseleves are reported on a separate schedule on regularly scheduled reports.","No",,,,,,,,,,,,,,,
"WI2012","WI",2012,"Yes","Yes","Yes","No","No","Yes","Yes","Yes","251","No","No","Yes","Yes","Oath related to Indenendent Disbursements must be filed prior to initial expenditures made, but Independent Expenditures themseleves are reported on a separate schedule on regularly scheduled reports.","No",,,,,,,,,,,,,,,
"WI2014","WI",2014,"Yes","Yes","Yes","No","No","Yes","Yes","Yes","251","No","No","Yes","Yes","Oath related to Indenendent Disbursements must be filed prior to initial expenditures made, but Independent Expenditures themseleves are reported on a separate schedule on regularly scheduled reports.","No",,,,,,,,,,,,,,,
"WI2016","WI",2016,"Yes","No","Yes","Yes","Yes","Yes","Yes","Yes","2501","No","No","Yes","Yes","Within 72 Hours of the expenditure","No",,,,,,,,,,,,,,,
"WV1996","WV",1996,"Yes","Yes","Yes","Yes","Yes","Yes","Yes","No","0","No","No","No","No","NA","No",,,,,,,,,,,,,,,
"WV1998","WV",1998,"Yes","Yes","Yes","Yes","Yes","Yes","Yes","No","0","No","No","No","No","NA","No",,,,,,,,,,,,,,,
"WV2002","WV",2002,"No","No","No","Yes","Yes","Yes","Yes","Yes","1001","No","No","No","No","Within 24 hours","No",,,,,,,,,,,,,,,
"WV2004","WV",2004,"No","No","No","Yes","Yes","Yes","Yes","Yes","1001","No","No","No","No","Within 24 hours","No",,,,,,,,,,,,,,,
"WV2006","WV",2006,"No","No","No","Yes","Yes","Yes","Yes","Yes","1001","No","No","No","No","Within 24 hours","Yes","electioneering communications","Yes","Yes","Yes","Yes","Yes","Yes","Yes","Yes","5000","No","No","Yes","No","Report must be filed within twenty-four hours of each disclosure date; Made available within 5 business days"
"WV2008","WV",2008,"No","No","No","Yes","Yes","Yes","Yes","Yes","1001","No","No","No","No","Within 24 hours","Yes","electioneering communications","Yes","Yes","Yes","Yes","Yes","Yes","Yes","Yes","1000","No","No","Yes","No","Report must be filed within twenty-four hours of each disclosure date; Made available within 5 business days"
"WV2010","WV",2010,"No","No","No","Yes","Yes","Yes","Yes","Yes","1001","No","No","No","No","Within 24 hours","Yes","electioneering communications","Yes","Yes","Yes","Yes","Yes","Yes","Yes","Yes","1000","No","No","Yes","No","Report must be filed within twenty-four hours of each disclosure date; Made available within 5 business days"
"WV2012","WV",2012,"No","No","No","Yes","Yes","Yes","Yes","Yes","1001","No","No","No","No","Within 24 hours","Yes","electioneering communications","Yes","Yes","Yes","Yes","Yes","Yes","Yes","Yes","1000","No","No","Yes","No","Report must be filed within twenty-four hours of each disclosure date; Made available within 5 business days"
"WV2014","WV",2014,"No","No","No","Yes","Yes","Yes","Yes","Yes","1001","No","No","No","No","Within 24 hours","Yes","electioneering communications","Yes","Yes","Yes","Yes","Yes","Yes","Yes","Yes","1000","No","No","Yes","No","Report must be filed within twenty-four hours of each disclosure date; Made available within 5 business days"
"WV2016","WV",2016,,,,,,,,,,,,,,,,,,,,,,,,,,,,,,
"WY1996","WY",1996,"No","No","No","No","No","No","No","No","0","No","No","No","No",,"No",,"No","No","No","No","No","No","No","No",,"No","No","No","No",
"WY1998","WY",1998,"No","No","No","No","No","No","No","No","0","No","No","No","No",,"No",,"No","No","No","No","No","No","No","No",,"No","No","No","No",
"WY2000","WY",2000,"No","No","No","No","No","No","No","No","0","No","No","No","No",,"No",,"No","No","No","No","No","No","No","No",,"No","No","No","No",
"WY2002","WY",2002,"No","No","No","No","No","No","No","No","0","No","No","No","No",,"No",,"No","No","No","No","No","No","No","No",,"No","No","No","No",
"WY2004","WY",2004,"No","No","No","No","No","No","No","No","0","No","No","No","No",,"No",,"No","No","No","No","No","No","No","No",,"No","No","No","No",
"WY2006","WY",2006,"No","No","No","No","No","No","No","No","0","No","No","No","No",,"No",,"No","No","No","No","No","No","No","No",,"No","No","No","No",
"WY2008","WY",2008,"No","No","No","No","No","No","No","No","0","No","No","No","No",,"No",,"No","No","No","No","No","No","No","No",,"No","No","No","No",
"WY2010","WY",2010,"No","No","No","No","No","No","No","No","0","No","No","No","No",,"No",,"No","No","No","No","No","No","No","No",,"No","No","No","No",
"WY2012","WY",2012,"Yes","Yes","Yes","Yes","Yes","Yes","Yes","No","0","Yes","Yes","No","No","Report of expenditures required 7 days before election. Reports of expenditures and contributions required within 10 days after an election.","No",,"No","No","No","No","No","No","No","No",,"No","No","No","No",
"WY2014","WY",2014,"No","No","Yes","Yes","Yes","No","Yes","No","0","No","No","No","No",,"Yes","""campaign literature or campaign advertising in any communication medium"" 22-25-110","No","Yes","Yes","Yes","Yes","No","Yes","Yes","$501","No","Yes","No","No","At least 7 days before election. 22-25-106(h)"
"WY2016","WY",2016,,,,,,,,,,,,,,,,,,,,,,,,,,,,,,
"WV2000","WV",2000,"No","No","No","Yes","Yes","Yes","Yes","Yes","1001","No","No","No","No","Within 24 hours","No",,,,,,,,,,,,,,,
"VA2016","VA",2016,,,,,,,,,,,,,,,"No",,,,,,,,,,,,,,,
"AK2004","AK",2004,"Yes","Yes","Yes","Yes","Yes","Yes","Yes","No","0","No","No","No","No","10 days; Not specified","Yes",,"Yes","Yes","Yes","Yes","Yes","Yes","Yes","No",,"No","No","No","No","10 days; Not specified"
"AK2006","AK",2006,"Yes","Yes","Yes","Yes","Yes","Yes","Yes","No","0","No","No","No","No","10 days; Not specified","Yes",,"Yes","Yes","Yes","Yes","Yes","Yes","Yes","No",,"No","No","No","No","10 days; Not specified"
"AK2008","AK",2008,"Yes","Yes","Yes","Yes","Yes","Yes","Yes","No","0","No","No","No","No","10 days; Not specified","Yes",,"Yes","Yes","Yes","Yes","Yes","Yes","Yes","No",,"No","No","No","No","10 days; Not specified"
"IA2002","IA",2002,"No","No","No","No","No","No","No","No","N/A","No","No","No","No",,"No",,,,,,"IA",,,,,,,,,
"VT1996","VT",1996,"No","No","No","No","No","No","No","N/A","N/A",,"No",,,,"No",,,,,,,,,,,,,,,
"VT1998","VT",1998,"No","No","No","No","No","No","No","N/A","N/A",,"No",,,,"Yes","mass media activities within 30 days of a primary or general election","Yes","Yes","Yes","Yes","Yes","Yes","Yes","Yes","500","No","No","Yes","No","24 hours"
"VT2000","VT",2000,"No","No","No","No","No","No","No","N/A","N/A",,"No",,,,"Yes","mass media activities within 30 days of a primary or general election","Yes","Yes","Yes","Yes","Yes","Yes","Yes","Yes","500","No","No","Yes","No","24 hours"
"VT2002","VT",2002,"No","No","No","No","No","No","No","N/A","N/A",,"No",,,,"Yes","mass media activities within 30 days of a primary or general election","Yes","Yes","Yes","Yes","Yes","Yes","Yes","Yes","500","No","No","Yes","No","24 hours"
"VT2004","VT",2004,"No","No","No","No","No","No","No","N/A","N/A",,"No",,,,"Yes","mass media activities within 30 days of a primary or general election","Yes","Yes","Yes","Yes","Yes","Yes","Yes","Yes","500","No","No","Yes","No","24 hours"
"VT2006","VT",2006,"No","No","No","No","No","No","No","N/A","N/A",,"No",,,,"Yes","mass media activities within 30 days of a primary or general election","Yes","Yes","Yes","Yes","Yes","Yes","Yes","Yes","500","No","No","Yes","No","24 hours"
"VT2008","VT",2008,"No","No","No","No","No","No","No","N/A","N/A",,"No",,,,"Yes","mass media activities within 30 days of a primary or general election","Yes","Yes","Yes","Yes","Yes","Yes","Yes","Yes","500","No","No","Yes","No","24 hours"
"SC1996","SC",1996,"No","Yes","Yes","Yes","Yes","Yes","Yes","Yes","10000","No","No","No","No","Immediately/ NA","No",,,,,,,,,,,,,,,
"AK2010","AK",2010,"Yes","Yes","Yes","Yes","Yes","Yes","Yes","No","0","Yes","Yes","No","No","10 days; Not specified","Yes",,"Yes","Yes","Yes","Yes","Yes","Yes","Yes","No",,"No","No","No","No","10 days; Not specified"
"AK2012","AK",2012,"Yes","Yes","Yes","Yes","Yes","Yes","Yes","No","0","Yes","Yes","No","No","10 days; Not specified","Yes",,"Yes","Yes","Yes","Yes","Yes","Yes","Yes","No",,"No","No","No","No","10 days; Not specified"
"AK2014","AK",2014,"Yes","Yes","Yes","Yes","Yes","Yes","Yes","No","0","Yes","Yes","No","No","10 days; Not specified","Yes",,"Yes","Yes","Yes","Yes","Yes","Yes","Yes","No",,"No","No","No","No","10 days; Not specified"
"AK2016","AK",2016,"Yes","Yes","Yes","Yes","Yes","Yes","Yes","No","0","Yes","Yes","No","No","10 days; Not specified","Yes",,"Yes","Yes","Yes","Yes","Yes","Yes","Yes","No",,"No","No","No","No","10 days; Not specified"
"RI1996","RI",1996,"Yes","No","No","No","No","No","No","Yes","1001","No","No","No","No","7 days. NA.","No",,,,,,,,,,,,,,,
"RI1998","RI",1998,"Yes","No","No","No","No","No","No","Yes","1001","No","No","No","No","7 days. NA.","No",,,,,,,,,,,,,,,
"RI2000","RI",2000,"Yes","No","No","No","No","No","No","Yes","1001","No","No","No","No","7 days. NA.","No",,,,,,,,,,,,,,,
"RI2002","RI",2002,"Yes","No","No","No","No","No","No","Yes","1001","No","No","No","No","7 days. NA.","No",,,,,,,,,,,,,,,
"RI2004","RI",2004,"Yes","No","No","No","No","No","No","Yes","1001","No","No","No","No","7 days. NA.","No",,,,,,,,,,,,,,,
"RI2006","RI",2006,"Yes","No","No","No","No","No","No","Yes","1001","No","No","No","No","7 days. NA.","No",,,,,,,,,,,,,,,
"RI2008","RI",2008,"Yes","No","No","No","No","No","No","Yes","1001","No","No","No","No","7 days. NA.","No",,,,,,,,,,,,,,,
"RI2010","RI",2010,"Yes","No","No","No","No","No","No","Yes","1001","No","No","No","No","7 days. NA.","No",,,,,,,,,,,,,,,
"RI2012","RI",2012,"Yes","No","No","No","No","No","No","Yes","1001","Yes","No","No","No","7 days. NA.","No",,"Yes",,,,,,,"Yes","1001",,,"No","No",
"RI2014","RI",2014,"Yes","No","No","No","No","No","No","Yes","1001","No","No","No","No","7 days. NA.","No",,,,,,,,,"Yes","1001",,,,,
"IN1996","IN",1996,"No","No","No","No","No","No","No","No","N/A","No","No","No","No",,"No",,,,,,,,,,,,,,,
"IN1998","IN",1998,"No","No","No","No","No","No","No","No","N/A","No","No","No","No",,"No",,,,,,,,,,,,,,,
"IN2000","IN",2000,"No","No","No","No","No","No","No","No","N/A","No","No","No","No",,"No",,,,,,,,,,,,,,,
"IN2002","IN",2002,"No","No","No","No","No","No","No","No","N/A","No","No","No","No",,"No",,,,,,"IN",,,,,,,,,
"IN2004","IN",2004,"No","No","No","No","No","No","No","No","N/A","No","No","No","No",,"No",,,,,,"IN",,,,,,,,,
"IN2006","IN",2006,"No","No","No","No","No","No","No","No","N/A","No","No","No","No",,"No",,,,,,"IN",,,,,,,,,
"IN2008","IN",2008,"No","No","No","No","No","No","No","No","N/A","No","No","No","No",,"No",,,,,,"IN",,,,,,,,,
"IN2010","IN",2010,"No","No","No","No","No","No","No","No","N/A","No","No","No","No",,"No",,,,,,"IN",,,,,,,,,
"IN2012","IN",2012,"No","No","No","No","No","No","No","No","N/A","No","No","No","No",,"No",,,,,,"IN",,,,,,,,,
"IN2014","IN",2014,"No","No","No","No","No","No","No","No","N/A","No","No","No","No",,"No",,,,,,"IN",,,,,,,,,
"MD1996","MD",1996,"No","No","No","No","No","No","No","No","N/A",,"No",,,,"No",,,,,,,,,,,,,,,
"MD1998","MD",1998,"No","No","No","No","No","No","No","No","N/A",,"No",,,,"No",,,,,,"MD",,,,,,,,,
"MD2000","MD",2000,"No","No","No","No","No","No","No","No","N/A",,"No",,,,"No",,,,,,"MD",,,,,,,,,
"MD2002","MD",2002,"No","No","No","No","No","No","No","No","N/A",,"No",,,,"No",,,,,,"MD",,,,,,,,,
"MD2004","MD",2004,"No","No","No","No","No","No","No","No","N/A",,"No",,,,"No",,,,,,"MD",,,,,,,,,
"MD2006","MD",2006,"No","No","No","No","No","No","No","No","N/A",,"No",,,,"No",,,,,,"MD",,,,,,,,,
"MD2008","MD",2008,"No","No","No","No","No","No","No","No","N/A",,"No",,,,"No",,,,,,"MD",,,,,,,,,
"MD2010","MD",2010,"No","No","No","No","No","No","No","No","N/A",,"No",,,,"No",,,,,,"MD",,,,,,,,,
"MD2012","MD",2012,"No","No","No","No","No","No","No","No","N/A",,"No",,,,"No",,,,,,"MD",,,,,,,,,
"MD2014","MD",2014,"No","No","No","No","No","No","No","No","N/A",,"No",,,,"No",,,,,,"MD",,,,,,,,,
"VT2010","VT",2010,"No","No","No","No","No","No","No","N/A","N/A",,"No",,,,"Yes","mass media activities within 30 days of a primary or general election","Yes","Yes","Yes","Yes","Yes","Yes","Yes","Yes","500","No","No","Yes","No","24 hours"
"VT2012","VT",2012,"No","No","No","No","No","No","No","N/A","N/A",,"No",,,,"Yes","mass media activities within 30 days of a primary or general election","Yes","Yes","Yes","Yes","Yes","Yes","Yes","Yes","500","No","No","Yes","No","24 hours"
"VT2014","VT",2014,"No","No","No","No","No","No","No","N/A","N/A",,"No",,,,"Yes","Mass media activity (within 45 days before a primary or  general election)","Yes","Yes","Yes","Yes","Yes","Yes","Yes","Yes","500","No","No","Yes","No","within 24 hours of the expenditure or activity, whichever occurs first. *NOTE: IE-only PACs have a different threshold of $5,000, but if they cross threshold, must report all info required of other PACS plus names of >$100 donors"
"NM1996","NM",1996,"No","No","No","No","No","No","No","N/A","N/A","No","No","No","No",,"No",,,,,,,,,,,,,,,
"NM1998","NM",1998,"No","No","No","No","No","No","No","N/A","N/A","No","No","No","No",,"No",,,,,,,,,,,,,,,
"NM2000","NM",2000,"No","No","No","No","No","No","No","N/A","N/A","No","No","No","No",,"No",,,,,,"NM",,,,,,,,,
"NM2002","NM",2002,"No","No","No","No","No","No","No","N/A","N/A","No","No","No","No",,"No",,,,,,"NM",,,,,,,,,
"NM2004","NM",2004,"No","No","No","No","No","No","No","N/A","N/A","No","No","No","No",,"No",,,,,,"NM",,,,,,,,,
"NM2006","NM",2006,"No","No","No","No","No","No","No","N/A","N/A","No","No","No","No",,"No",,,,,,"NM",,,,,,,,,
"NM2008","NM",2008,"No","No","No","No","No","No","No","N/A","N/A","No","No","No","No",,"No",,,,,,"NM",,,,,,,,,
"NM2010","NM",2010,"No","No","No","No","No","No","No","N/A","N/A","No","No","No","No",,"No",,,,,,"NM",,,,,,,,,
"NM2012","NM",2012,"No","No","No","No","No","No","No","N/A","N/A","No","No","No","No",,"No",,,,,,"NM",,,,,,,,,
"NM2014","NM",2014,"No","No","No","No","No","No","No","N/A","N/A","No","No","No","No",,"No",,,,,,"NM",,,,,,,,,
"AK1996","AK",1996,"No","No","No","No","No","No","No",,"N/A","No","No","No","No",,"Yes",,"Yes","Yes","Yes","Yes","Yes","Yes","Yes","No",,"No","No","No","No","10 days; Not specified"
"UT1996","UT",1996,"No","No","No","No","No","No","No","No","N/A","No","No","N/A","N/A",,"No",,,,,,,,,,,,,,,
"UT1998","UT",1998,"No","No","No","No","No","No","No","No","N/A","No","No","N/A","N/A",,"No",,,,,,,,,,,,,,,
"UT2000","UT",2000,"No","No","No","No","No","No","No","No","N/A","No","No","N/A","N/A",,"No",,,,,,,,,,,,,,,
"UT2002","UT",2002,"No","No","No","No","No","No","No","No","N/A","No","No","N/A","N/A",,"No",,,,,,,,,,,,,,,
"UT2004","UT",2004,"No","No","No","No","No","No","No","No","N/A","No","No","N/A","N/A",,"No",,,,,,,,,,,,,,,
"UT2006","UT",2006,"No","No","No","No","No","No","No","No","N/A","No","No","N/A","N/A",,"No",,,,,,,,,,,,,,,
"UT2008","UT",2008,"No","No","No","No","No","No","No","No","N/A","No","No","N/A","N/A",,"No",,,,,,,,,,,,,,,
"UT2010","UT",2010,"No","No","No","No","No","No","No","No","N/A","No","No","N/A","N/A",,"No",,,,,,,,,,,,,,,
